country,year,bovine_pop_1000
Austria,2016,1932.53
Austria,2017,1938.48
Austria,2018,1906.82
Austria,2019,1873.31
Austria,2020,1844.34
Austria,2021,1846.42
Austria,2022,1842.17
Austria,2023,1825.75
Austria,2024,1803.87
Austria,2025,1790.15
Belgium,2016,2554.76
Belgium,2017,2454.1
Belgium,2018,2449.74
Belgium,2019,2406.17
Belgium,2020,2387.91
Belgium,2021,2353.42
Belgium,2022,2240.62
Belgium,2023,2281.39
Belgium,2024,2241.04
Belgium,2025,2112.18
Switzerland,2016,1553.15
Switzerland,2017,1553.15
Switzerland,2018,1528.92
Switzerland,2019,1528.52
Switzerland,2020,1518.79
Switzerland,2021,1521.06
Switzerland,2022,1533.02
Switzerland,2023,1530.47
Switzerland,2024,1531.48
Czechia,2025,1443.23
Germany,2016,12563.18
Germany,2017,12365.5
Germany,2018,12093.38
Germany,2019,11763.43
Germany,2020,11423.46
Germany,2021,11176.24
Germany,2022,10986.3
Germany,2023,10936.8
Germany,2024,10626.83
Germany,2025,10335.33
Denmark,2016,1583.0
Denmark,2017,1565.0
Denmark,2018,1560.0
Denmark,2019,1512.0
Denmark,2020,1517.0
Denmark,2021,1503.0
Denmark,2022,1484.0
Denmark,2023,1453.53
Denmark,2024,1423.02
Denmark,2025,1408.21
Greece,2025,534.2
Spain,2016,6451.22
Spain,2017,6588.11
Spain,2018,6724.58
Spain,2019,6721.9
Spain,2020,6714.97
Spain,2021,6922.95
Spain,2022,6753.7
Spain,2023,6565.3
Spain,2024,6379.09
Spain,2025,6443.28
Finland,2025,764.43
France,2016,19559.3
France,2017,19432.72
France,2018,18736.99
France,2019,18469.77
France,2020,18200.48
France,2021,17862.57
France,2022,17415.61
France,2023,17038.99
France,2024,16793.65
France,2025,16395.12
Hungary,2025,888.5
Ireland,2016,7221.2
Ireland,2017,7363.5
Ireland,2018,7348.5
Ireland,2019,7208.62
Ireland,2020,7314.43
Ireland,2021,7358.88
Ireland,2022,7396.15
Ireland,2023,7341.48
Ireland,2024,7183.13
Ireland,2025,6904.82
Iceland,2016,79.9
Iceland,2017,80.9
Iceland,2019,80.94
Iceland,2020,85.21
Iceland,2021,80.47
Italy,2016,6183.18
Italy,2017,6118.29
Italy,2018,6170.29
Italy,2019,6016.06
Italy,2020,6115.87
Italy,2021,6173.66
Italy,2022,6086.97
Italy,2023,5975.0
Italy,2024,5892.0
Italy,2025,5801.0
Lithuania,2025,616.45
Netherlands,2016,4244.52
Netherlands,2017,4096.11
Netherlands,2018,3897.13
Netherlands,2019,3749.97
Netherlands,2020,3766.3
Netherlands,2021,3731.75
Netherlands,2022,3766.14
Netherlands,2023,3751.78
Netherlands,2024,3693.0
Netherlands,2025,3551.84
Poland,2016,5939.0
Poland,2017,6143.0
Poland,2018,6201.0
Poland,2019,6358.0
Poland,2020,6344.0
Poland,2021,6401.0
Poland,2022,6444.09
Poland,2023,6359.68
Poland,2024,6335.85
Poland,2025,6147.24
Portugal,2016,1664.19
Portugal,2017,1722.16
Portugal,2018,1722.37
Portugal,2019,1711.86
Portugal,2020,1750.58
Portugal,2021,1723.46
Portugal,2022,1680.18
Portugal,2023,1607.61
Portugal,2024,1533.65
Portugal,2025,1518.38
Romania,2016,2081.2
Romania,2017,2012.3
Romania,2018,2002.2
Romania,2019,1962.6
Romania,2020,1914.6
Romania,2021,1864.3
Romania,2022,1852.3
Romania,2023,1833.0
Romania,2024,1835.0
Romania,2025,1848.0
Serbia,2025,676.09
Sweden,2016,1488.9
Sweden,2017,1501.35
Sweden,2018,1506.64
Sweden,2019,1466.3
Sweden,2020,1452.98
Sweden,2021,1453.3
Sweden,2022,1449.32
Sweden,2023,1444.24
Sweden,2024,1410.3
Sweden,2025,1399.58
Türkiye,2016,14323.94
Türkiye,2017,14816.74
Türkiye,2018,17338.38
Türkiye,2019,18251.33
Türkiye,2020,18614.99
Türkiye,2021,18318.38
Türkiye,2022,17875.67
Türkiye,2023,16687.77
Türkiye,2024,16554.68
Türkiye,2025,17188.64
United Kingdom,2016,10033.0
United Kingdom,2017,10004.0
United Kingdom,2018,9891.0
United Kingdom,2019,9739.0
United Kingdom,2020,9615.0
Austria,2016,605.17
Austria,2017,619.56
Austria,2018,605.52
Austria,2019,595.84
Austria,2020,587.76
Austria,2021,596.07
Austria,2022,592.21
Austria,2023,573.72
Austria,2024,565.89
Austria,2025,562.56
Belgium,2016,750.34
Belgium,2017,716.71
Belgium,2018,710.32
Belgium,2019,705.73
Belgium,2020,715.76
Belgium,2021,712.18
Belgium,2022,656.36
Belgium,2023,677.3
Belgium,2024,664.5
Belgium,2025,593.13
Switzerland,2016,499.16
Switzerland,2017,500.8
Switzerland,2018,501.57
Switzerland,2019,501.25
Switzerland,2020,493.03
Switzerland,2021,507.76
Switzerland,2022,508.3
Switzerland,2023,501.74
Switzerland,2024,505.29
Czechia,2025,448.28
Germany,2016,3804.99
Germany,2017,3722.93
Germany,2018,3617.87
Germany,2019,3502.2
Germany,2020,3410.32
Germany,2021,3397.86
Germany,2022,3296.03
Germany,2023,3260.14
Germany,2024,3153.31
Germany,2025,3015.33
Denmark,2016,547.0
Denmark,2017,527.0
Denmark,2018,538.0
Denmark,2019,510.0
Denmark,2020,517.0
Denmark,2021,517.0
Denmark,2022,510.0
Denmark,2023,497.62
Denmark,2024,489.57
Denmark,2025,481.29
Greece,2025,136.6
Spain,2016,2413.33
Spain,2017,2479.65
Spain,2018,2504.41
Spain,2019,2507.39
Spain,2020,2487.94
Spain,2021,2634.25
Spain,2022,2569.02
Spain,2023,2426.95
Spain,2024,2320.96
Spain,2025,2376.35
Finland,2025,260.7
France,2016,5637.68
France,2017,5542.44
France,2018,5124.69
France,2019,5227.15
France,2020,5143.97
France,2021,5133.68
France,2022,4948.91
France,2023,4837.8
France,2024,4735.86
France,2025,4512.02
Hungary,2025,259.6
Ireland,2016,2125.88
Ireland,2017,2130.93
Ireland,2018,2078.34
Ireland,2019,2007.97
Ireland,2020,2117.07
Ireland,2021,2145.92
Ireland,2022,2134.44
Ireland,2023,2074.15
Ireland,2024,2026.41
Ireland,2025,1962.42
Iceland,2016,22.0
Iceland,2017,22.8
Iceland,2019,22.22
Iceland,2020,22.53
Iceland,2021,22.19
Italy,2016,1702.15
Italy,2017,1723.39
Italy,2018,1756.69
Italy,2019,1745.98
Italy,2020,1745.79
Italy,2021,1761.55
Italy,2022,1725.29
Italy,2023,1663.0
Italy,2024,1645.0
Italy,2025,1586.0
Lithuania,2025,170.46
Netherlands,2016,1691.6
Netherlands,2017,1602.41
Netherlands,2018,1560.39
Netherlands,2019,1536.07
Netherlands,2020,1558.12
Netherlands,2021,1523.47
Netherlands,2022,1546.49
Netherlands,2023,1507.43
Netherlands,2024,1485.0
Netherlands,2025,1394.38
Poland,2016,1728.0
Poland,2017,1721.0
Poland,2018,1686.0
Poland,2019,1771.0
Poland,2020,1729.0
Poland,2021,1789.0
Poland,2022,1915.9
Poland,2023,1855.42
Poland,2024,1881.57
Poland,2025,1838.21
Portugal,2016,521.33
Portugal,2017,537.16
Portugal,2018,529.26
Portugal,2019,523.88
Portugal,2020,557.31
Portugal,2021,549.6
Portugal,2022,554.04
Portugal,2023,510.5
Portugal,2024,487.39
Portugal,2025,492.08
Romania,2016,480.9
Romania,2017,454.4
Romania,2018,444.3
Romania,2019,428.4
Romania,2020,418.4
Romania,2021,386.3
Romania,2022,378.9
Romania,2023,370.1
Romania,2024,358.1
Romania,2025,351.9
Serbia,2025,196.8
Sweden,2016,475.2
Sweden,2017,472.16
Sweden,2018,474.82
Sweden,2019,450.63
Sweden,2020,462.15
Sweden,2021,465.21
Sweden,2022,457.7
Sweden,2023,458.49
Sweden,2024,443.84
Sweden,2025,435.78
Türkiye,2016,3501.46
Türkiye,2017,3767.81
Türkiye,2018,4494.93
Türkiye,2019,4699.13
Türkiye,2020,4722.77
Türkiye,2021,4594.52
Türkiye,2022,4417.19
Türkiye,2023,4061.11
Türkiye,2024,4031.73
Türkiye,2025,4082.12
United Kingdom,2016,2989.0
United Kingdom,2017,2940.0
United Kingdom,2018,2908.0
United Kingdom,2019,2857.0
United Kingdom,2020,2878.0
Austria,2016,148.08
Austria,2017,152.06
Austria,2018,147.85
Austria,2019,146.22
Austria,2020,145.05
Austria,2021,147.81
Austria,2022,38.85
Austria,2023,36.12
Austria,2024,35.25
Austria,2025,32.46
Belgium,2016,183.86
Belgium,2017,160.61
Belgium,2018,163.46
Belgium,2019,161.01
Belgium,2020,166.95
Belgium,2021,168.04
Belgium,2022,154.41
Belgium,2023,161.92
Belgium,2024,166.52
Belgium,2025,155.88
Switzerland,2016,239.91
Switzerland,2017,243.45
Switzerland,2018,246.25
Switzerland,2019,246.09
Switzerland,2020,242.75
Switzerland,2021,247.88
Switzerland,2022,240.67
Switzerland,2023,233.5
Switzerland,2024,238.85
Czechia,2025,4.76
Germany,2016,202.85
Germany,2017,212.23
Germany,2018,207.21
Germany,2019,199.25
Germany,2020,198.51
Germany,2021,200.65
Germany,2022,189.08
Germany,2023,176.3
Germany,2024,183.77
Germany,2025,176.2
Denmark,2016,260.0
Denmark,2017,259.0
Denmark,2018,268.0
Denmark,2019,251.0
Denmark,2020,248.0
Denmark,2021,239.0
Denmark,2022,232.0
Denmark,2023,228.99
Denmark,2024,236.83
Denmark,2025,242.3
Greece,2025,95.7
Spain,2016,1714.42
Spain,2017,1785.7
Spain,2018,1824.73
Spain,2019,1816.74
Spain,2020,1776.96
Spain,2021,1913.63
Spain,2022,1650.5
Spain,2023,1608.95
Spain,2024,1403.68
Spain,2025,1528.68
Finland,2025,2.24
France,2016,611.9
France,2017,587.24
France,2018,440.07
France,2019,465.41
France,2020,509.4
France,2021,536.91
France,2022,540.47
France,2023,513.55
France,2024,490.2
France,2025,452.48
Hungary,2025,99.5
Ireland,2016,13.1
Ireland,2017,19.4
Ireland,2018,33.0
Ireland,2019,28.7
Ireland,2020,28.5
Ireland,2021,28.89
Ireland,2022,38.0
Ireland,2023,36.93
Ireland,2024,20.71
Ireland,2025,6.97
Iceland,2016,0.0
Iceland,2017,0.0
Iceland,2019,0.0
Iceland,2020,0.0
Iceland,2021,0.0
Italy,2016,1016.83
Italy,2017,1020.53
Italy,2018,1021.47
Italy,2019,1025.07
Italy,2020,1034.52
Italy,2021,1028.51
Italy,2022,1021.01
Italy,2023,1012.0
Italy,2024,987.0
Italy,2025,958.0
Lithuania,2025,59.14
Netherlands,2016,955.87
Netherlands,2017,1045.31
Netherlands,2018,1077.02
Netherlands,2019,1083.0
Netherlands,2020,1078.23
Netherlands,2021,1031.38
Netherlands,2022,1053.73
Netherlands,2023,1010.71
Netherlands,2024,1010.0
Netherlands,2025,954.78
Poland,2016,220.0
Poland,2017,132.0
Poland,2018,99.0
Poland,2019,107.0
Poland,2020,101.0
Poland,2021,102.0
Poland,2022,105.1
Poland,2023,102.74
Poland,2024,107.6
Poland,2025,107.15
Portugal,2016,118.0
Portugal,2017,127.38
Portugal,2018,125.06
Portugal,2019,117.74
Portugal,2020,120.95
Portugal,2021,116.25
Portugal,2022,115.57
Portugal,2023,100.63
Portugal,2024,106.36
Portugal,2025,93.09
Romania,2016,140.6
Romania,2017,121.6
Romania,2018,126.5
Romania,2019,130.0
Romania,2020,134.0
Romania,2021,110.0
Romania,2022,118.0
Romania,2023,115.9
Romania,2024,104.0
Romania,2025,102.9
Serbia,2025,22.9
Sweden,2016,30.85
Sweden,2017,27.93
Sweden,2018,25.51
Sweden,2019,24.13
Sweden,2020,22.62
Sweden,2021,22.05
Sweden,2022,20.12
Sweden,2023,19.3
Sweden,2024,18.5
Sweden,2025,17.66
Türkiye,2016,20.08
Türkiye,2017,21.61
Türkiye,2018,25.77
Türkiye,2019,902.06
Türkiye,2020,906.6
Türkiye,2021,881.98
Türkiye,2022,668.09
Türkiye,2023,527.78
Türkiye,2024,458.65
Türkiye,2025,430.79
United Kingdom,2016,14.0
United Kingdom,2017,14.0
United Kingdom,2018,13.0
United Kingdom,2019,13.0
United Kingdom,2020,13.0
Austria,2016,457.08
Austria,2017,467.5
Austria,2018,457.67
Austria,2019,449.62
Austria,2020,442.71
Austria,2021,448.26
Austria,2022,553.36
Austria,2023,537.6
Austria,2024,530.63
Austria,2025,530.1
Belgium,2016,566.48
Belgium,2017,556.1
Belgium,2018,546.86
Belgium,2019,544.71
Belgium,2020,548.81
Belgium,2021,544.14
Belgium,2022,501.95
Belgium,2023,515.38
Belgium,2024,497.97
Belgium,2025,437.25
Switzerland,2016,259.26
Switzerland,2017,257.35
Switzerland,2018,255.32
Switzerland,2019,255.16
Switzerland,2020,250.28
Switzerland,2021,259.88
Switzerland,2022,267.63
Switzerland,2023,268.24
Switzerland,2024,266.45
Czechia,2025,443.51
Germany,2016,3602.14
Germany,2017,3510.7
Germany,2018,3410.66
Germany,2019,3302.95
Germany,2020,3211.81
Germany,2021,3197.21
Germany,2022,3106.95
Germany,2023,3083.83
Germany,2024,2969.53
Germany,2025,2839.13
Denmark,2016,286.0
Denmark,2017,268.0
Denmark,2018,270.0
Denmark,2019,259.0
Denmark,2020,269.0
Denmark,2021,278.0
Denmark,2022,277.0
Denmark,2023,268.63
Denmark,2024,252.74
Denmark,2025,239.0
Greece,2025,40.9
Spain,2016,698.91
Spain,2017,693.95
Spain,2018,679.68
Spain,2019,690.65
Spain,2020,710.98
Spain,2021,720.61
Spain,2022,918.52
Spain,2023,817.99
Spain,2024,917.28
Spain,2025,847.66
Finland,2025,258.46
France,2016,5025.17
France,2017,4955.21
France,2018,4684.62
France,2019,4761.74
France,2020,4634.57
France,2021,4596.77
France,2022,4408.44
France,2023,4324.25
France,2024,4245.66
France,2025,4059.54
Hungary,2025,160.1
Ireland,2016,2112.78
Ireland,2017,2111.53
Ireland,2018,2045.34
Ireland,2019,1979.27
Ireland,2020,2088.57
Ireland,2021,2117.03
Ireland,2022,2096.44
Ireland,2023,2037.23
Ireland,2024,2005.7
Ireland,2025,1955.45
Iceland,2016,22.0
Iceland,2017,22.8
Iceland,2019,22.22
Iceland,2020,22.53
Iceland,2021,22.19
Italy,2016,685.32
Italy,2017,702.86
Italy,2018,735.22
Italy,2019,720.91
Italy,2020,711.28
Italy,2021,733.04
Italy,2022,704.28
Italy,2023,651.0
Italy,2024,658.0
Italy,2025,628.0
Lithuania,2025,111.32
Netherlands,2016,735.73
Netherlands,2017,557.1
Netherlands,2018,483.37
Netherlands,2019,453.07
Netherlands,2020,479.88
Netherlands,2021,492.09
Netherlands,2022,492.77
Netherlands,2023,496.72
Netherlands,2024,475.0
Netherlands,2025,439.6
Poland,2016,1508.0
Poland,2017,1589.0
Poland,2018,1587.0
Poland,2019,1664.0
Poland,2020,1628.0
Poland,2021,1686.0
Poland,2022,1810.81
Poland,2023,1752.68
Poland,2024,1773.97
Poland,2025,1731.06
Portugal,2016,403.33
Portugal,2017,409.79
Portugal,2018,404.2
Portugal,2019,406.14
Portugal,2020,436.36
Portugal,2021,433.35
Portugal,2022,438.47
Portugal,2023,409.87
Portugal,2024,381.04
Portugal,2025,398.99
Romania,2016,340.3
Romania,2017,332.8
Romania,2018,317.8
Romania,2019,298.4
Romania,2020,284.4
Romania,2021,276.3
Romania,2022,260.9
Romania,2023,254.2
Romania,2024,254.1
Romania,2025,249.0
Serbia,2025,173.9
Sweden,2016,444.35
Sweden,2017,444.77
Sweden,2018,449.3
Sweden,2019,426.5
Sweden,2020,439.53
Sweden,2021,443.16
Sweden,2022,437.58
Sweden,2023,439.19
Sweden,2024,425.33
Sweden,2025,418.12
Türkiye,2016,3481.38
Türkiye,2017,3746.2
Türkiye,2018,4469.15
Türkiye,2019,3797.06
Türkiye,2020,3816.17
Türkiye,2021,3712.54
Türkiye,2022,3749.1
Türkiye,2023,3533.33
Türkiye,2024,3573.08
Türkiye,2025,3651.33
United Kingdom,2016,2976.0
United Kingdom,2017,2926.0
United Kingdom,2018,2894.0
United Kingdom,2019,2844.0
United Kingdom,2020,2866.0
Austria,2016,440.84
Austria,2017,430.88
Austria,2018,432.58
Austria,2019,424.56
Austria,2020,415.77
Austria,2021,412.7
Austria,2022,421.92
Austria,2023,425.72
Austria,2024,415.48
Austria,2025,414.56
Belgium,2016,511.65
Belgium,2017,500.49
Belgium,2018,492.45
Belgium,2019,474.63
Belgium,2020,471.07
Belgium,2021,472.59
Belgium,2022,463.19
Belgium,2023,456.07
Belgium,2024,447.39
Belgium,2025,426.09
Switzerland,2016,249.28
Switzerland,2017,245.28
Switzerland,2018,240.05
Switzerland,2019,240.0
Switzerland,2020,243.3
Switzerland,2021,240.15
Switzerland,2022,254.62
Switzerland,2023,259.88
Switzerland,2024,254.4
Czechia,2025,321.32
Germany,2016,2983.11
Germany,2017,2948.45
Germany,2018,2848.39
Germany,2019,2787.99
Germany,2020,2683.14
Germany,2021,2590.85
Germany,2022,2619.62
Germany,2023,2594.9
Germany,2024,2495.51
Germany,2025,2426.15
Denmark,2016,307.0
Denmark,2017,311.0
Denmark,2018,294.0
Denmark,2019,292.0
Denmark,2020,291.0
Denmark,2021,287.0
Denmark,2022,290.0
Denmark,2023,281.47
Denmark,2024,272.58
Denmark,2025,271.23
Greece,2025,104.0
Spain,2016,896.45
Spain,2017,927.41
Spain,2018,990.18
Spain,2019,977.62
Spain,2020,929.72
Spain,2021,973.11
Spain,2022,902.15
Spain,2023,927.68
Spain,2024,910.15
Spain,2025,962.79
Finland,2025,189.0
France,2016,3560.58
France,2017,3523.17
France,2018,3416.94
France,2019,3229.01
France,2020,3248.71
France,2021,3157.78
France,2022,3144.2
France,2023,3076.55
France,2024,3040.69
France,2025,3006.88
Hungary,2025,165.3
Ireland,2016,1853.29
Ireland,2017,1913.97
Ireland,2018,1918.72
Ireland,2019,1860.68
Ireland,2020,1807.23
Ireland,2021,1910.12
Ireland,2022,1948.7
Ireland,2023,1921.7
Ireland,2024,1858.59
Ireland,2025,1797.57
Iceland,2016,0.0
Iceland,2017,
Iceland,2019,23.04
Iceland,2020,22.1
Iceland,2021,22.38
Italy,2016,1502.1
Italy,2017,1472.04
Italy,2018,1465.86
Italy,2019,1409.01
Italy,2020,1457.88
Italy,2021,1475.86
Italy,2022,1474.78
Italy,2023,1439.0
Italy,2024,1376.0
Italy,2025,1357.0
Lithuania,2025,123.75
Netherlands,2016,629.52
Netherlands,2017,600.47
Netherlands,2018,520.08
Netherlands,2019,459.86
Netherlands,2020,445.78
Netherlands,2021,479.4
Netherlands,2022,493.48
Netherlands,2023,506.63
Netherlands,2024,502.0
Netherlands,2025,470.21
Poland,2016,1576.0
Poland,2017,1701.0
Poland,2018,1734.0
Poland,2019,1768.0
Poland,2020,1796.0
Poland,2021,1856.0
Poland,2022,1673.6
Poland,2023,1670.27
Poland,2024,1640.79
Poland,2025,1595.9
Portugal,2016,263.71
Portugal,2017,281.06
Portugal,2018,273.62
Portugal,2019,266.72
Portugal,2020,264.3
Portugal,2021,251.89
Portugal,2022,228.67
Portugal,2023,229.24
Portugal,2024,221.01
Portugal,2025,226.55
Romania,2016,240.1
Romania,2017,229.1
Romania,2018,235.5
Romania,2019,229.7
Romania,2020,216.7
Romania,2021,207.1
Romania,2022,219.9
Romania,2023,223.9
Romania,2024,221.3
Romania,2025,206.5
Serbia,2025,134.72
Sweden,2016,374.92
Sweden,2017,384.77
Sweden,2018,380.5
Sweden,2019,379.65
Sweden,2020,361.9
Sweden,2021,369.47
Sweden,2022,374.4
Sweden,2023,370.59
Sweden,2024,367.8
Sweden,2025,363.03
Türkiye,2016,3585.18
Türkiye,2017,3840.64
Türkiye,2018,4670.0
Türkiye,2019,4730.97
Türkiye,2020,4822.24
Türkiye,2021,4700.07
Türkiye,2022,4595.96
Türkiye,2023,4365.31
Türkiye,2024,4267.99
Türkiye,2025,4529.39
United Kingdom,2016,2474.0
United Kingdom,2017,2516.0
United Kingdom,2018,2479.0
United Kingdom,2019,2448.0
United Kingdom,2020,2412.0
Albania,2016,496.99
Albania,2017,475.22
Albania,2018,467.32
Albania,2019,415.61
Albania,2020,362.58
Albania,2021,336.78
Albania,2022,297.66
Albania,2023,263.39
Albania,2024,272.04
Austria,2016,1954.39
Austria,2017,1943.48
Austria,2018,1912.81
Austria,2019,1879.52
Austria,2020,1855.43
Austria,2021,1870.1
Austria,2022,1861.07
Austria,2023,1835.47
Austria,2024,1820.03
Austria,2025,1814.68
Bosnia and Herzegovina,2016,455.0
Bosnia and Herzegovina,2017,445.0
Bosnia and Herzegovina,2018,438.0
Bosnia and Herzegovina,2019,430.0
Bosnia and Herzegovina,2020,427.0
Bosnia and Herzegovina,2021,339.51
Bosnia and Herzegovina,2022,339.15
Bosnia and Herzegovina,2023,330.11
Belgium,2016,2501.35
Belgium,2017,2385.99
Belgium,2018,2398.09
Belgium,2019,2373.1
Belgium,2020,2335.44
Belgium,2021,2310.44
Belgium,2022,2286.11
Belgium,2023,2245.71
Belgium,2024,2153.43
Belgium,2025,2127.44
Bulgaria,2016,570.14
Bulgaria,2017,552.92
Bulgaria,2018,542.12
Bulgaria,2019,527.19
Bulgaria,2020,588.91
Bulgaria,2021,611.2
Bulgaria,2022,579.86
Bulgaria,2023,574.3
Bulgaria,2024,558.77
Bulgaria,2025,563.52
Switzerland,2016,1560.09
Switzerland,2017,1560.73
Switzerland,2018,1540.24
Switzerland,2019,1528.92
Switzerland,2020,1518.16
Switzerland,2021,1529.76
Switzerland,2022,1536.19
Switzerland,2023,1535.35
Switzerland,2024,1530.85
Switzerland,2025,1531.63
Cyprus,2016,63.14
Cyprus,2017,67.03
Cyprus,2018,70.82
Cyprus,2019,73.97
Cyprus,2020,83.03
Cyprus,2021,84.61
Cyprus,2022,81.44
Cyprus,2023,82.27
Cyprus,2024,82.68
Cyprus,2025,84.48
Czechia,2016,1339.6
Czechia,2017,1366.36
Czechia,2018,1365.24
Czechia,2019,1367.05
Czechia,2020,1340.04
Czechia,2021,1359.42
Czechia,2022,1390.49
Czechia,2023,1369.59
Czechia,2024,1397.41
Czechia,2025,1389.68
Germany,2016,12466.59
Germany,2017,12281.2
Germany,2018,11949.09
Germany,2019,11639.53
Germany,2020,11301.86
Germany,2021,11039.66
Germany,2022,10996.96
Germany,2023,10836.2
Germany,2024,10461.29
Germany,2025,10420.27
Denmark,2016,1554.0
Denmark,2017,1558.0
Denmark,2018,1530.0
Denmark,2019,1500.0
Denmark,2020,1500.0
Denmark,2021,1480.0
Denmark,2022,1466.0
Denmark,2023,1434.87
Denmark,2024,1413.86
Denmark,2025,1399.87
Estonia,2016,248.2
Estonia,2017,250.9
Estonia,2018,251.9
Estonia,2019,254.0
Estonia,2020,253.3
Estonia,2021,250.8
Estonia,2022,249.62
Estonia,2023,241.36
Estonia,2024,232.39
Estonia,2025,234.12
Greece,2016,554.0
Greece,2017,556.0
Greece,2018,542.0
Greece,2019,530.0
Greece,2020,631.5
Greece,2021,614.1
Greece,2022,581.6
Greece,2023,638.8
Greece,2024,595.2
Greece,2025,567.0
Spain,2016,6317.64
Spain,2017,6465.75
Spain,2018,6510.59
Spain,2019,6600.33
Spain,2020,6636.43
Spain,2021,6576.3
Spain,2022,6455.13
Spain,2023,6294.64
Spain,2024,6173.96
Spain,2025,6299.92
"European Union (EU6-1958, EU9-1973, EU10-1981, EU12-1986, EU15-1995, EU25-2004, EU27-2007, EU28-2013, EU27-2020)",2025,71534.87
European Union - 15 countries (1995-2004),2016,75910.39
European Union - 15 countries (1995-2004),2017,75175.58
European Union - 15 countries (1995-2004),2018,73781.91
European Union - 15 countries (1995-2004),2019,72924.81
European Union - 25 countries (2004-2006),2016,86439.7
European Union - 25 countries (2004-2006),2017,85781.91
European Union - 25 countries (2004-2006),2018,84516.78
European Union - 25 countries (2004-2006),2019,83749.66
European Union - 27 countries (2007-2013),2016,89059.54
European Union - 27 countries (2007-2013),2017,88345.94
European Union - 27 countries (2007-2013),2018,87036.1
European Union - 27 countries (2007-2013),2019,86200.16
European Union - 27 countries (from 2020),2016,79697.54
European Union - 27 countries (from 2020),2017,79009.94
European Union - 27 countries (from 2020),2018,77840.1
European Union - 27 countries (from 2020),2019,77161.16
European Union - 27 countries (from 2020),2020,76551.1
European Union - 27 countries (from 2020),2021,75705.3
European Union - 27 countries (from 2020),2022,74807.63
European Union - 27 countries (from 2020),2023,73761.43
European Union - 27 countries (from 2020),2024,71896.32
European Union - 27 countries (from 2020),2025,71534.87
European Union - 28 countries (2013-2020),2016,89503.54
European Union - 28 countries (2013-2020),2017,88796.94
European Union - 28 countries (2013-2020),2018,87450.1
European Union - 28 countries (2013-2020),2019,86620.16
Finland,2016,887.25
Finland,2017,874.52
Finland,2018,859.38
Finland,2019,840.74
Finland,2020,835.38
Finland,2021,829.98
Finland,2022,821.97
Finland,2023,798.64
Finland,2024,764.03
Finland,2025,752.13
France,2016,19373.38
France,2017,18953.58
France,2018,18613.04
France,2019,18172.97
France,2020,17815.67
France,2021,17330.08
France,2022,16986.19
France,2023,16806.9
France,2024,16478.26
France,2025,16232.0
Croatia,2016,444.0
Croatia,2017,451.0
Croatia,2018,414.0
Croatia,2019,420.0
Croatia,2020,423.0
Croatia,2021,428.0
Croatia,2022,422.0
Croatia,2023,415.0
Croatia,2024,422.0
Croatia,2025,418.0
Hungary,2016,852.0
Hungary,2017,870.0
Hungary,2018,885.0
Hungary,2019,909.0
Hungary,2020,932.9
Hungary,2021,909.9
Hungary,2022,894.0
Hungary,2023,869.7
Hungary,2024,869.9
Hungary,2025,882.9
Ireland,2016,6613.43
Ireland,2017,6673.59
Ireland,2018,6593.49
Ireland,2019,6559.65
Ireland,2020,6529.44
Ireland,2021,6649.31
Ireland,2022,6551.83
Ireland,2023,6525.96
Ireland,2024,6308.3
Ireland,2025,6284.12
Iceland,2016,79.9
Iceland,2017,80.9
Iceland,2018,81.4
Iceland,2019,80.9
Iceland,2020,81.4
Iceland,2022,79.93
Iceland,2023,78.73
Iceland,2024,76.9
Iceland,2025,77.0
Italy,2016,6314.89
Italy,2017,6349.81
Italy,2018,6311.16
Italy,2019,6377.23
Italy,2020,6400.04
Italy,2021,6280.28
Italy,2022,6049.0
Italy,2023,5999.0
Italy,2024,5765.0
Italy,2025,5738.0
Lithuania,2016,694.8
Lithuania,2017,676.9
Lithuania,2018,653.5
Lithuania,2019,634.6
Lithuania,2020,629.5
Lithuania,2021,628.7
Lithuania,2022,641.92
Lithuania,2023,623.52
Lithuania,2024,599.77
Lithuania,2025,600.71
Luxembourg,2016,202.41
Luxembourg,2017,198.07
Luxembourg,2018,194.39
Luxembourg,2019,192.1
Luxembourg,2020,190.69
Luxembourg,2021,187.2
Luxembourg,2022,186.13
Luxembourg,2023,183.56
Luxembourg,2024,180.53
Luxembourg,2025,186.68
Latvia,2016,412.31
Latvia,2017,405.82
Latvia,2018,395.33
Latvia,2019,395.32
Latvia,2020,398.99
Latvia,2021,393.47
Latvia,2022,391.35
Latvia,2023,368.06
Latvia,2024,352.09
Latvia,2025,350.46
Montenegro,2016,89.0
Montenegro,2017,87.0
Montenegro,2018,83.3
Montenegro,2019,81.4
Montenegro,2020,77.89
Montenegro,2021,71.17
Montenegro,2022,70.77
Montenegro,2023,68.83
Montenegro,2024,67.5
Montenegro,2025,68.48
North Macedonia,2016,255.0
North Macedonia,2017,255.0
North Macedonia,2018,256.0
North Macedonia,2019,219.0
North Macedonia,2020,222.0
North Macedonia,2021,178.0
North Macedonia,2022,165.0
North Macedonia,2023,149.0
North Macedonia,2024,144.0
North Macedonia,2025,142.72
Malta,2016,14.36
Malta,2017,14.18
Malta,2018,14.12
Malta,2019,14.0
Malta,2020,14.29
Malta,2021,14.02
Malta,2022,14.2
Malta,2023,14.23
Malta,2024,13.8
Malta,2025,13.06
Netherlands,2016,4294.0
Netherlands,2017,4030.0
Netherlands,2018,3690.0
Netherlands,2019,3721.0
Netherlands,2020,3691.0
Netherlands,2021,3705.0
Netherlands,2022,3751.0
Netherlands,2023,3739.0
Netherlands,2024,3562.0
Netherlands,2025,3548.54
Poland,2016,5970.2
Poland,2017,6035.7
Poland,2018,6183.3
Poland,2019,6261.6
Poland,2020,6278.9
Poland,2021,6378.7
Poland,2022,6448.29
Poland,2023,6267.46
Poland,2024,6190.93
Poland,2025,6142.27
Portugal,2016,1635.01
Portugal,2017,1670.02
Portugal,2018,1632.42
Portugal,2019,1674.97
Portugal,2020,1691.32
Portugal,2021,1640.65
Portugal,2022,1579.14
Portugal,2023,1527.72
Portugal,2024,1486.91
Portugal,2025,1472.09
Romania,2016,2049.7
Romania,2017,2011.1
Romania,2018,1977.2
Romania,2019,1923.3
Romania,2020,1875.2
Romania,2021,1826.8
Romania,2022,1833.7
Romania,2023,1814.7
Romania,2024,1809.4
Romania,2025,1800.7
Serbia,2016,893.0
Serbia,2017,899.0
Serbia,2018,878.0
Serbia,2019,898.0
Serbia,2020,886.0
Serbia,2021,860.0
Serbia,2022,799.84
Serbia,2023,725.41
Serbia,2024,698.61
Serbia,2025,698.87
Sweden,2016,1436.05
Sweden,2017,1448.59
Sweden,2018,1435.45
Sweden,2019,1404.67
Sweden,2020,1390.96
Sweden,2021,1389.89
Sweden,2022,1390.55
Sweden,2023,1369.0
Sweden,2024,1333.82
Sweden,2025,1344.52
Slovenia,2016,488.6
Slovenia,2017,479.61
Slovenia,2018,476.81
Slovenia,2019,483.07
Slovenia,2020,485.61
Slovenia,2021,482.62
Slovenia,2022,464.91
Slovenia,2023,456.05
Slovenia,2024,453.89
Slovenia,2025,455.68
Slovakia,2016,446.11
Slovakia,2017,439.83
Slovakia,2018,438.86
Slovakia,2019,432.25
Slovakia,2020,442.29
Slovakia,2021,434.09
Slovakia,2022,433.18
Slovakia,2023,429.72
Slovakia,2024,416.68
Slovakia,2025,412.03
Türkiye,2016,14222.23
Türkiye,2017,16105.03
Türkiye,2018,17220.9
Türkiye,2019,17872.33
Türkiye,2020,18157.97
Türkiye,2021,18036.12
Türkiye,2022,17023.79
Türkiye,2023,16583.01
Türkiye,2024,16986.26
Türkiye,2025,17708.99
Ukraine,2025,1804.1
United Kingdom,2016,9806.0
United Kingdom,2017,9787.0
United Kingdom,2018,9610.0
United Kingdom,2019,9459.0
Kosovo*,2016,264.97
Kosovo*,2017,259.73
Kosovo*,2018,259.73
Kosovo*,2019,257.73
Kosovo*,2020,261.39
Kosovo*,2021,260.53
Kosovo*,2022,250.9
Kosovo*,2023,247.49
Kosovo*,2024,240.85
Albania,2016,57.77
Albania,2017,42.77
Albania,2018,42.3
Albania,2019,33.73
Albania,2020,23.46
Albania,2021,18.93
Albania,2022,11.15
Albania,2023,9.94
Albania,2024,15.32
Austria,2016,632.15
Austria,2017,623.52
Austria,2018,618.22
Austria,2019,605.32
Austria,2020,598.6
Austria,2021,611.01
Austria,2022,596.99
Austria,2023,577.24
Austria,2024,579.17
Austria,2025,570.96
Bosnia and Herzegovina,2016,100.0
Bosnia and Herzegovina,2017,93.0
Bosnia and Herzegovina,2018,92.0
Bosnia and Herzegovina,2019,92.0
Bosnia and Herzegovina,2020,91.0
Bosnia and Herzegovina,2021,72.68
Bosnia and Herzegovina,2022,75.93
Bosnia and Herzegovina,2023,73.39
Belgium,2016,748.26
Belgium,2017,699.71
Belgium,2018,723.99
Belgium,2019,721.96
Belgium,2020,711.97
Belgium,2021,712.87
Belgium,2022,693.72
Belgium,2023,684.77
Belgium,2024,641.24
Belgium,2025,641.0
Bulgaria,2016,119.69
Bulgaria,2017,109.72
Bulgaria,2018,108.15
Bulgaria,2019,99.7
Bulgaria,2020,111.6
Bulgaria,2021,121.3
Bulgaria,2022,107.95
Bulgaria,2023,107.45
Bulgaria,2024,113.01
Bulgaria,2025,105.45
Switzerland,2016,510.59
Switzerland,2017,508.47
Switzerland,2018,504.49
Switzerland,2019,501.57
Switzerland,2020,506.06
Switzerland,2021,514.2
Switzerland,2022,513.54
Switzerland,2023,509.37
Switzerland,2024,512.1
Switzerland,2025,503.82
Cyprus,2016,21.77
Cyprus,2017,23.44
Cyprus,2018,23.79
Cyprus,2019,24.53
Cyprus,2020,26.77
Cyprus,2021,26.9
Cyprus,2022,24.9
Cyprus,2023,24.73
Cyprus,2024,24.31
Cyprus,2025,25.12
Czechia,2016,397.03
Czechia,2017,406.69
Czechia,2018,403.62
Czechia,2019,411.03
Czechia,2020,404.71
Czechia,2021,408.33
Czechia,2022,406.65
Czechia,2023,407.92
Czechia,2024,420.53
Czechia,2025,421.93
Germany,2016,3794.84
Germany,2017,3704.22
Germany,2018,3583.69
Germany,2019,3485.38
Germany,2020,3404.52
Germany,2021,3354.96
Germany,2022,3307.67
Germany,2023,3225.14
Germany,2024,3108.8
Germany,2025,3123.78
Denmark,2016,540.0
Denmark,2017,541.0
Denmark,2018,534.0
Denmark,2019,522.0
Denmark,2020,524.0
Denmark,2021,516.0
Denmark,2022,510.0
Denmark,2023,495.52
Denmark,2024,490.78
Denmark,2025,490.96
Estonia,2016,67.9
Estonia,2017,70.0
Estonia,2018,70.6
Estonia,2019,70.9
Estonia,2020,72.1
Estonia,2021,68.8
Estonia,2022,69.07
Estonia,2023,66.78
Estonia,2024,62.83
Estonia,2025,65.49
Greece,2016,145.0
Greece,2017,151.0
Greece,2018,141.0
Greece,2019,157.0
Greece,2020,162.4
Greece,2021,176.4
Greece,2022,156.1
Greece,2023,140.7
Greece,2024,149.7
Greece,2025,142.8
Spain,2016,2403.64
Spain,2017,2492.05
Spain,2018,2494.13
Spain,2019,2528.83
Spain,2020,2541.32
Spain,2021,2319.42
Spain,2022,2488.84
Spain,2023,2336.32
Spain,2024,2324.93
Spain,2025,2427.69
"European Union (EU6-1958, EU9-1973, EU10-1981, EU12-1986, EU15-1995, EU25-2004, EU27-2007, EU28-2013, EU27-2020)",2025,21933.64
European Union - 15 countries (1995-2004),2016,23601.72
European Union - 15 countries (1995-2004),2017,23195.01
European Union - 15 countries (1995-2004),2018,22791.23
European Union - 15 countries (1995-2004),2019,22576.06
European Union - 25 countries (2004-2006),2016,26626.91
European Union - 25 countries (2004-2006),2017,26221.81
European Union - 25 countries (2004-2006),2018,25809.23
European Union - 25 countries (2004-2006),2019,25640.32
European Union - 27 countries (2007-2013),2016,27193.49
European Union - 27 countries (2007-2013),2017,26763.93
European Union - 27 countries (2007-2013),2018,26335.18
European Union - 27 countries (2007-2013),2019,26140.32
European Union - 27 countries (from 2020),2016,24395.49
European Union - 27 countries (from 2020),2017,23963.93
European Union - 27 countries (from 2020),2018,23619.18
European Union - 27 countries (from 2020),2019,23431.32
European Union - 27 countries (from 2020),2020,23428.09
European Union - 27 countries (from 2020),2021,23064.92
European Union - 27 countries (from 2020),2022,22872.26
European Union - 27 countries (from 2020),2023,22319.59
European Union - 27 countries (from 2020),2024,21962.76
European Union - 27 countries (from 2020),2025,21933.64
European Union - 28 countries (2013-2020),2016,27347.49
European Union - 28 countries (2013-2020),2017,26919.93
European Union - 28 countries (2013-2020),2018,26488.18
European Union - 28 countries (2013-2020),2019,26291.32
Finland,2016,302.1
Finland,2017,298.8
Finland,2018,295.76
Finland,2019,287.31
Finland,2020,291.69
Finland,2021,286.88
Finland,2022,283.08
Finland,2023,273.88
Finland,2024,263.12
Finland,2025,261.53
France,2016,5574.55
France,2017,5270.85
France,2018,5304.06
France,2019,5124.53
France,2020,5119.13
France,2021,4944.73
France,2022,4867.63
France,2023,4782.53
France,2024,4591.66
France,2025,4570.0
Croatia,2016,154.0
Croatia,2017,156.0
Croatia,2018,153.0
Croatia,2019,151.0
Croatia,2020,146.0
Croatia,2021,156.0
Croatia,2022,149.0
Croatia,2023,145.0
Croatia,2024,150.0
Croatia,2025,148.0
Hungary,2016,239.0
Hungary,2017,243.0
Hungary,2018,251.0
Hungary,2019,258.0
Hungary,2020,266.1
Hungary,2021,269.2
Hungary,2022,258.0
Hungary,2023,260.4
Hungary,2024,254.3
Hungary,2025,260.8
Ireland,2016,2076.51
Ireland,2017,2086.51
Ireland,2018,1999.88
Ireland,2019,1962.38
Ireland,2020,2056.58
Ireland,2021,2107.69
Ireland,2022,1995.45
Ireland,2023,1973.82
Ireland,2024,1922.48
Ireland,2025,1905.66
Iceland,2016,22.8
Iceland,2017,22.8
Iceland,2018,22.9
Iceland,2019,22.8
Iceland,2020,22.9
Iceland,2022,21.89
Iceland,2023,21.71
Iceland,2024,21.37
Iceland,2025,21.0
Italy,2016,1745.23
Italy,2017,1738.44
Italy,2018,1702.76
Italy,2019,1759.33
Italy,2020,1773.64
Italy,2021,1721.89
Italy,2022,1563.0
Italy,2023,1577.0
Italy,2024,1799.0
Italy,2025,1640.0
Lithuania,2016,179.3
Lithuania,2017,180.2
Lithuania,2018,172.9
Lithuania,2019,166.7
Lithuania,2020,168.6
Lithuania,2021,165.8
Lithuania,2022,173.09
Lithuania,2023,164.6
Lithuania,2024,159.43
Lithuania,2025,166.07
Luxembourg,2016,54.34
Luxembourg,2017,50.46
Luxembourg,2018,50.17
Luxembourg,2019,49.73
Luxembourg,2020,49.84
Luxembourg,2021,48.59
Luxembourg,2022,47.57
Luxembourg,2023,45.54
Luxembourg,2024,44.84
Luxembourg,2025,47.18
Latvia,2016,112.97
Latvia,2017,108.19
Latvia,2018,105.9
Latvia,2019,108.24
Latvia,2020,111.51
Latvia,2021,106.7
Latvia,2022,107.17
Latvia,2023,100.53
Latvia,2024,96.21
Latvia,2025,97.67
Montenegro,2016,16.0
Montenegro,2017,16.0
Montenegro,2018,14.8
Montenegro,2019,15.3
Montenegro,2020,14.64
Montenegro,2021,13.87
Montenegro,2022,14.68
Montenegro,2023,14.92
Montenegro,2024,14.66
Montenegro,2025,14.63
North Macedonia,2016,66.0
North Macedonia,2017,69.0
North Macedonia,2018,70.0
North Macedonia,2019,63.0
North Macedonia,2020,57.0
North Macedonia,2021,49.0
North Macedonia,2022,40.0
North Macedonia,2023,45.0
North Macedonia,2024,39.0
North Macedonia,2025,38.02
Malta,2016,3.88
Malta,2017,4.18
Malta,2018,4.25
Malta,2019,4.0
Malta,2020,4.37
Malta,2021,4.28
Malta,2022,4.35
Malta,2023,4.39
Malta,2024,4.0
Malta,2025,4.12
Netherlands,2016,1666.0
Netherlands,2017,1594.0
Netherlands,2018,1510.0
Netherlands,2019,1528.0
Netherlands,2020,1510.0
Netherlands,2021,1519.0
Netherlands,2022,1536.0
Netherlands,2023,1518.0
Netherlands,2024,1402.0
Netherlands,2025,1418.01
Poland,2016,1717.8
Poland,2017,1713.1
Poland,2018,1709.4
Poland,2019,1747.6
Poland,2020,1734.6
Poland,2021,1801.9
Poland,2022,1928.55
Poland,2023,1863.33
Poland,2024,1849.13
Poland,2025,1900.65
Portugal,2016,499.22
Portugal,2017,514.71
Portugal,2018,497.06
Portugal,2019,531.15
Portugal,2020,525.57
Portugal,2021,527.63
Portugal,2022,515.82
Portugal,2023,491.8
Portugal,2024,489.87
Portugal,2025,473.41
Romania,2016,446.9
Romania,2017,432.4
Romania,2018,417.8
Romania,2019,400.3
Romania,2020,368.8
Romania,2021,347.3
Romania,2022,346.9
Romania,2023,336.2
Romania,2024,328.7
Romania,2025,329.0
Serbia,2016,271.0
Serbia,2017,281.0
Serbia,2018,264.0
Serbia,2019,264.0
Serbia,2020,260.0
Serbia,2021,246.0
Serbia,2022,228.02
Serbia,2023,198.85
Serbia,2024,205.09
Serbia,2025,210.43
Sweden,2016,467.9
Sweden,2017,473.75
Sweden,2018,467.52
Sweden,2019,453.13
Sweden,2020,464.43
Sweden,2021,460.14
Sweden,2022,461.28
Sweden,2023,452.0
Sweden,2024,437.85
Sweden,2025,441.09
Slovenia,2016,155.05
Slovenia,2017,153.23
Slovenia,2018,153.2
Slovenia,2019,151.02
Slovenia,2020,153.12
Slovenia,2021,156.59
Slovenia,2022,149.05
Slovenia,2023,144.53
Slovenia,2024,143.45
Slovenia,2025,143.47
Slovakia,2016,130.48
Slovakia,2017,124.77
Slovakia,2018,123.34
Slovakia,2019,122.26
Slovakia,2020,126.14
Slovakia,2021,124.63
Slovakia,2022,124.45
Slovakia,2023,119.49
Slovakia,2024,111.43
Slovakia,2025,111.83
Türkiye,2016,3539.24
Türkiye,2017,4290.84
Türkiye,2018,4489.69
Türkiye,2019,4671.5
Türkiye,2020,4617.82
Türkiye,2021,4554.32
Türkiye,2022,4198.08
Türkiye,2023,4021.85
Türkiye,2024,4128.56
Türkiye,2025,4222.54
Ukraine,2025,432.0
United Kingdom,2016,2952.0
United Kingdom,2017,2956.0
United Kingdom,2018,2869.0
United Kingdom,2019,2860.0
Kosovo*,2016,83.57
Kosovo*,2017,84.48
Kosovo*,2018,84.48
Kosovo*,2019,83.13
Kosovo*,2020,84.15
Kosovo*,2021,83.24
Kosovo*,2022,78.04
Kosovo*,2023,77.32
Kosovo*,2024,75.43
Albania,2016,11.55
Albania,2017,14.49
Albania,2018,14.34
Albania,2019,11.45
Albania,2020,8.5
Albania,2021,6.86
Albania,2022,4.04
Albania,2023,3.6
Albania,2024,5.55
Austria,2016,160.84
Austria,2017,157.25
Austria,2018,154.93
Austria,2019,152.12
Austria,2020,151.0
Austria,2021,154.13
Austria,2022,43.99
Austria,2023,41.58
Austria,2024,39.04
Austria,2025,35.97
Bosnia and Herzegovina,2016,36.0
Bosnia and Herzegovina,2017,35.0
Bosnia and Herzegovina,2018,33.0
Bosnia and Herzegovina,2019,32.0
Bosnia and Herzegovina,2020,36.0
Bosnia and Herzegovina,2021,22.63
Bosnia and Herzegovina,2022,20.13
Bosnia and Herzegovina,2023,13.87
Belgium,2016,167.7
Belgium,2017,161.13
Belgium,2018,170.36
Belgium,2019,171.46
Belgium,2020,171.48
Belgium,2021,173.2
Belgium,2022,168.15
Belgium,2023,173.46
Belgium,2024,161.56
Belgium,2025,167.64
Bulgaria,2016,26.77
Bulgaria,2017,23.09
Bulgaria,2018,24.98
Bulgaria,2019,19.69
Bulgaria,2020,33.1
Bulgaria,2021,23.93
Bulgaria,2022,17.7
Bulgaria,2023,23.65
Bulgaria,2024,24.44
Bulgaria,2025,23.88
Switzerland,2016,252.85
Switzerland,2017,248.88
Switzerland,2018,251.7
Switzerland,2019,246.25
Switzerland,2020,253.32
Switzerland,2021,251.86
Switzerland,2022,245.56
Switzerland,2023,243.87
Switzerland,2024,247.32
Switzerland,2025,240.77
Cyprus,2016,9.83
Cyprus,2017,10.37
Cyprus,2018,10.48
Cyprus,2019,10.19
Cyprus,2020,10.92
Cyprus,2021,10.16
Cyprus,2022,9.38
Cyprus,2023,9.08
Cyprus,2024,8.13
Cyprus,2025,9.23
Czechia,2016,1.72
Czechia,2017,0.43
Czechia,2018,0.96
Czechia,2019,0.55
Czechia,2020,1.96
Czechia,2021,1.33
Czechia,2022,2.01
Czechia,2023,0.47
Czechia,2024,0.73
Czechia,2025,4.2
Germany,2016,224.27
Germany,2017,216.64
Germany,2018,208.78
Germany,2019,210.76
Germany,2020,207.71
Germany,2021,204.72
Germany,2022,192.5
Germany,2023,182.72
Germany,2024,185.91
Germany,2025,184.61
Denmark,2016,258.0
Denmark,2017,268.0
Denmark,2018,268.0
Denmark,2019,256.0
Denmark,2020,247.0
Denmark,2021,238.0
Denmark,2022,230.0
Denmark,2023,241.56
Denmark,2024,251.12
Denmark,2025,254.59
Estonia,2016,3.3
Estonia,2017,3.3
Estonia,2018,3.3
Estonia,2019,3.5
Estonia,2020,3.6
Estonia,2021,3.4
Estonia,2022,3.45
Estonia,2023,3.34
Estonia,2024,3.14
Estonia,2025,3.27
Greece,2016,38.0
Greece,2017,46.0
Greece,2018,35.0
Greece,2019,46.0
Greece,2020,94.5
Greece,2021,112.3
Greece,2022,100.1
Greece,2023,79.9
Greece,2024,104.7
Greece,2025,100.0
Spain,2016,1781.85
Spain,2017,1876.32
Spain,2018,1862.27
Spain,2019,1872.21
Spain,2020,1880.06
Spain,2021,1528.43
Spain,2022,1747.12
Spain,2023,1700.04
Spain,2024,1488.7
Spain,2025,1666.54
"European Union (EU6-1958, EU9-1973, EU10-1981, EU12-1986, EU15-1995, EU25-2004, EU27-2007, EU28-2013, EU27-2020)",2025,5357.63
European Union - 15 countries (1995-2004),2016,5397.83
European Union - 15 countries (1995-2004),2017,5482.18
European Union - 15 countries (1995-2004),2018,5540.65
European Union - 15 countries (1995-2004),2019,5523.0
European Union - 25 countries (2004-2006),2016,5758.73
European Union - 25 countries (2004-2006),2017,5831.38
European Union - 25 countries (2004-2006),2018,5861.49
European Union - 25 countries (2004-2006),2019,5851.44
European Union - 27 countries (2007-2013),2016,5919.2
European Union - 27 countries (2007-2013),2017,5982.97
European Union - 27 countries (2007-2013),2018,6007.07
European Union - 27 countries (2007-2013),2019,5966.62
European Union - 27 countries (from 2020),2016,5912.2
European Union - 27 countries (from 2020),2017,5975.97
European Union - 27 countries (from 2020),2018,6000.07
European Union - 27 countries (from 2020),2019,5959.62
European Union - 27 countries (from 2020),2020,5979.68
European Union - 27 countries (from 2020),2021,5581.35
European Union - 27 countries (from 2020),2022,5563.99
European Union - 27 countries (from 2020),2023,5496.46
European Union - 27 countries (from 2020),2024,5270.73
European Union - 27 countries (from 2020),2025,5357.63
European Union - 28 countries (2013-2020),2016,5939.2
European Union - 28 countries (2013-2020),2017,6002.97
European Union - 28 countries (2013-2020),2018,6026.07
European Union - 28 countries (2013-2020),2019,5985.62
Finland,2016,2.72
Finland,2017,2.69
Finland,2018,2.66
Finland,2019,2.56
Finland,2020,2.63
Finland,2021,2.58
Finland,2022,2.55
Finland,2023,2.36
Finland,2024,2.26
Finland,2025,2.25
France,2016,630.63
France,2017,596.23
France,2018,618.73
France,2019,599.0
France,2020,591.82
France,2021,565.41
France,2022,563.6
France,2023,550.18
France,2024,498.05
France,2025,491.0
Croatia,2016,20.0
Croatia,2017,20.0
Croatia,2018,19.0
Croatia,2019,19.0
Croatia,2020,19.0
Croatia,2021,20.0
Croatia,2022,19.0
Croatia,2023,19.0
Croatia,2024,19.0
Croatia,2025,18.0
Hungary,2016,62.0
Hungary,2017,67.0
Hungary,2018,72.0
Hungary,2019,74.0
Hungary,2020,80.2
Hungary,2021,91.7
Hungary,2022,89.4
Hungary,2023,96.6
Hungary,2024,93.9
Hungary,2025,100.1
Ireland,2016,7.1
Ireland,2017,13.6
Ireland,2018,19.4
Ireland,2019,32.9
Ireland,2020,28.9
Ireland,2021,29.9
Ireland,2022,33.33
Ireland,2023,37.7
Ireland,2024,22.99
Ireland,2025,5.8
Iceland,2025,10.0
Italy,2016,1015.59
Italy,2017,1022.11
Italy,2018,980.51
Italy,2019,985.0
Italy,2020,990.61
Italy,2021,955.08
Italy,2022,868.0
Italy,2023,871.0
Italy,2024,1015.0
Italy,2025,914.0
Lithuania,2016,60.6
Lithuania,2017,68.1
Lithuania,2018,64.8
Lithuania,2019,62.6
Lithuania,2020,60.9
Lithuania,2021,58.7
Lithuania,2022,62.65
Lithuania,2023,57.48
Lithuania,2024,53.76
Lithuania,2025,56.43
Luxembourg,2016,5.15
Luxembourg,2017,5.04
Luxembourg,2018,4.91
Luxembourg,2019,4.56
Luxembourg,2020,4.82
Luxembourg,2021,4.54
Luxembourg,2022,4.38
Luxembourg,2023,4.2
Luxembourg,2024,4.15
Luxembourg,2025,4.66
Latvia,2016,54.79
Latvia,2017,52.46
Latvia,2018,51.36
Latvia,2019,52.49
Latvia,2020,54.08
Latvia,2021,51.74
Latvia,2022,51.97
Latvia,2023,48.75
Latvia,2024,46.66
Latvia,2025,47.36
Montenegro,2016,7.0
Montenegro,2017,5.0
Montenegro,2018,5.4
Montenegro,2019,6.0
Montenegro,2020,5.57
Montenegro,2021,5.35
Montenegro,2022,5.13
Montenegro,2023,5.63
Montenegro,2024,5.71
Montenegro,2025,5.6
North Macedonia,2016,7.0
North Macedonia,2017,7.0
North Macedonia,2018,3.0
North Macedonia,2019,6.0
North Macedonia,2020,5.0
North Macedonia,2021,6.0
North Macedonia,2022,5.0
North Macedonia,2023,5.0
North Macedonia,2024,5.0
North Macedonia,2025,4.34
Malta,2016,0.0
Malta,2017,0.0
Malta,2018,0.0
Malta,2019,0.0
Malta,2020,0.0
Malta,2021,0.0
Malta,2022,0.0
Malta,2023,0.0
Malta,2024,0.0
Malta,2025,0.0
Netherlands,2016,941.0
Netherlands,2017,948.0
Netherlands,2018,1056.0
Netherlands,2019,1042.0
Netherlands,2020,1001.0
Netherlands,2021,1022.0
Netherlands,2022,1022.0
Netherlands,2023,1027.0
Netherlands,2024,937.0
Netherlands,2025,948.56
Poland,2016,137.8
Poland,2017,114.3
Poland,2018,86.2
Poland,2019,97.1
Poland,2020,88.5
Poland,2021,104.1
Poland,2022,107.6
Poland,2023,105.57
Poland,2024,107.22
Poland,2025,113.06
Portugal,2016,110.28
Portugal,2017,117.73
Portugal,2018,111.13
Portugal,2019,101.74
Portugal,2020,108.58
Portugal,2021,97.6
Portugal,2022,93.86
Portugal,2023,83.29
Portugal,2024,78.84
Portugal,2025,70.73
Romania,2016,133.7
Romania,2017,128.5
Romania,2018,120.6
Romania,2019,95.5
Romania,2020,94.4
Romania,2021,76.8
Romania,2022,80.8
Romania,2023,87.3
Romania,2024,80.2
Romania,2025,80.2
Serbia,2016,15.0
Serbia,2017,25.0
Serbia,2018,22.0
Serbia,2019,19.0
Serbia,2020,19.0
Serbia,2021,26.0
Serbia,2022,25.28
Serbia,2023,18.93
Serbia,2024,32.54
Serbia,2025,25.85
Sweden,2016,27.7
Sweden,2017,24.45
Sweden,2018,21.95
Sweden,2019,20.69
Sweden,2020,21.21
Sweden,2021,19.81
Sweden,2022,18.98
Sweden,2023,18.0
Sweden,2024,16.78
Sweden,2025,15.52
Slovenia,2016,11.05
Slovenia,2017,13.14
Slovenia,2018,12.28
Slovenia,2019,8.86
Slovenia,2020,12.06
Slovenia,2021,12.05
Slovenia,2022,13.37
Slovenia,2023,13.44
Slovenia,2024,12.63
Slovenia,2025,7.09
Slovakia,2016,19.83
Slovakia,2017,20.1
Slovakia,2018,19.47
Slovakia,2019,19.15
Slovakia,2020,19.66
Slovakia,2021,19.77
Slovakia,2022,18.09
Slovakia,2023,18.84
Slovakia,2024,14.83
Slovakia,2025,32.92
Türkiye,2016,20.29
Türkiye,2017,24.6
Türkiye,2018,25.74
Türkiye,2019,885.24
Türkiye,2020,875.07
Türkiye,2021,823.36
Türkiye,2022,545.58
Türkiye,2023,457.52
Türkiye,2024,435.69
Türkiye,2025,445.61
Ukraine,2025,89.7
United Kingdom,2016,27.0
United Kingdom,2017,27.0
United Kingdom,2018,26.0
United Kingdom,2019,26.0
Kosovo*,2016,45.69
Kosovo*,2017,45.18
Kosovo*,2018,45.18
Kosovo*,2019,44.92
Kosovo*,2020,45.73
Kosovo*,2021,48.33
Kosovo*,2022,45.52
Kosovo*,2023,44.99
Kosovo*,2024,43.38
Albania,2016,46.22
Albania,2017,28.28
Albania,2018,27.97
Albania,2019,22.28
Albania,2020,14.96
Albania,2021,12.07
Albania,2022,7.11
Albania,2023,6.34
Albania,2024,9.77
Austria,2016,471.31
Austria,2017,466.27
Austria,2018,463.29
Austria,2019,453.21
Austria,2020,447.6
Austria,2021,456.88
Austria,2022,553.0
Austria,2023,535.66
Austria,2024,540.13
Austria,2025,534.99
Bosnia and Herzegovina,2016,64.0
Bosnia and Herzegovina,2017,58.0
Bosnia and Herzegovina,2018,59.0
Bosnia and Herzegovina,2019,60.0
Bosnia and Herzegovina,2020,55.0
Bosnia and Herzegovina,2021,50.05
Bosnia and Herzegovina,2022,55.8
Bosnia and Herzegovina,2023,59.52
Belgium,2016,580.56
Belgium,2017,538.58
Belgium,2018,553.63
Belgium,2019,550.5
Belgium,2020,540.49
Belgium,2021,539.67
Belgium,2022,525.57
Belgium,2023,511.31
Belgium,2024,479.68
Belgium,2025,473.36
Bulgaria,2016,92.92
Bulgaria,2017,86.63
Bulgaria,2018,83.17
Bulgaria,2019,80.02
Bulgaria,2020,78.51
Bulgaria,2021,97.36
Bulgaria,2022,90.25
Bulgaria,2023,83.81
Bulgaria,2024,88.57
Bulgaria,2025,81.57
Switzerland,2016,257.74
Switzerland,2017,259.58
Switzerland,2018,252.79
Switzerland,2019,255.32
Switzerland,2020,252.74
Switzerland,2021,262.34
Switzerland,2022,267.98
Switzerland,2023,265.5
Switzerland,2024,264.79
Switzerland,2025,263.06
Cyprus,2016,11.94
Cyprus,2017,13.07
Cyprus,2018,13.31
Cyprus,2019,14.19
Cyprus,2020,15.85
Cyprus,2021,16.64
Cyprus,2022,15.52
Cyprus,2023,15.65
Cyprus,2024,16.18
Cyprus,2025,15.89
Czechia,2016,395.31
Czechia,2017,406.26
Czechia,2018,402.67
Czechia,2019,410.48
Czechia,2020,402.75
Czechia,2021,407.0
Czechia,2022,404.64
Czechia,2023,407.45
Czechia,2024,419.81
Czechia,2025,417.73
Germany,2016,3570.57
Germany,2017,3487.58
Germany,2018,3374.91
Germany,2019,3274.62
Germany,2020,3196.81
Germany,2021,3150.25
Germany,2022,3115.16
Germany,2023,3042.42
Germany,2024,2922.9
Germany,2025,2939.17
Denmark,2016,283.0
Denmark,2017,273.0
Denmark,2018,266.0
Denmark,2019,265.0
Denmark,2020,276.0
Denmark,2021,278.0
Denmark,2022,280.0
Denmark,2023,253.96
Denmark,2024,239.66
Denmark,2025,236.37
Estonia,2016,64.6
Estonia,2017,66.7
Estonia,2018,67.3
Estonia,2019,67.4
Estonia,2020,68.5
Estonia,2021,65.4
Estonia,2022,65.62
Estonia,2023,63.44
Estonia,2024,59.69
Estonia,2025,62.21
Greece,2016,107.0
Greece,2017,106.0
Greece,2018,106.0
Greece,2019,111.0
Greece,2020,67.9
Greece,2021,64.1
Greece,2022,56.0
Greece,2023,60.8
Greece,2024,45.0
Greece,2025,42.8
Spain,2016,621.78
Spain,2017,615.73
Spain,2018,631.86
Spain,2019,656.62
Spain,2020,661.26
Spain,2021,790.99
Spain,2022,741.72
Spain,2023,636.29
Spain,2024,836.23
Spain,2025,761.14
"European Union (EU6-1958, EU9-1973, EU10-1981, EU12-1986, EU15-1995, EU25-2004, EU27-2007, EU28-2013, EU27-2020)",2025,16576.01
European Union - 15 countries (1995-2004),2016,18203.9
European Union - 15 countries (1995-2004),2017,17713.83
European Union - 15 countries (1995-2004),2018,17250.58
European Union - 15 countries (1995-2004),2019,17052.04
European Union - 25 countries (2004-2006),2016,20868.19
European Union - 25 countries (2004-2006),2017,20391.44
European Union - 25 countries (2004-2006),2018,19947.85
European Union - 25 countries (2004-2006),2019,19786.62
European Union - 27 countries (2007-2013),2016,21274.3
European Union - 27 countries (2007-2013),2017,20781.96
European Union - 27 countries (2007-2013),2018,20328.22
European Union - 27 countries (2007-2013),2019,20171.44
European Union - 27 countries (from 2020),2016,18483.3
European Union - 27 countries (from 2020),2017,17988.96
European Union - 27 countries (from 2020),2018,17619.22
European Union - 27 countries (from 2020),2019,17469.44
European Union - 27 countries (from 2020),2020,17447.41
European Union - 27 countries (from 2020),2021,17483.46
European Union - 27 countries (from 2020),2022,17307.27
European Union - 27 countries (from 2020),2023,16824.12
European Union - 27 countries (from 2020),2024,16693.03
European Union - 27 countries (from 2020),2025,16576.01
European Union - 28 countries (2013-2020),2016,21408.3
European Union - 28 countries (2013-2020),2017,20917.96
European Union - 28 countries (2013-2020),2018,20462.22
European Union - 28 countries (2013-2020),2019,20303.44
Finland,2016,299.38
Finland,2017,296.11
Finland,2018,293.1
Finland,2019,284.73
Finland,2020,289.06
Finland,2021,284.3
Finland,2022,280.53
Finland,2023,271.52
Finland,2024,260.86
Finland,2025,259.28
France,2016,4943.93
France,2017,4674.62
France,2018,4685.33
France,2019,4525.52
France,2020,4527.31
France,2021,4379.32
France,2022,4304.03
France,2023,4232.35
France,2024,4093.61
France,2025,4079.0
Croatia,2016,134.0
Croatia,2017,136.0
Croatia,2018,134.0
Croatia,2019,132.0
Croatia,2020,127.0
Croatia,2021,136.0
Croatia,2022,130.0
Croatia,2023,126.0
Croatia,2024,131.0
Croatia,2025,130.0
Hungary,2016,177.0
Hungary,2017,176.0
Hungary,2018,179.0
Hungary,2019,183.0
Hungary,2020,185.9
Hungary,2021,177.5
Hungary,2022,168.6
Hungary,2023,163.8
Hungary,2024,160.4
Hungary,2025,160.7
Ireland,2016,2069.41
Ireland,2017,2072.91
Ireland,2018,1980.48
Ireland,2019,1929.48
Ireland,2020,2027.68
Ireland,2021,2077.79
Ireland,2022,1962.12
Ireland,2023,1936.12
Ireland,2024,1899.49
Ireland,2025,1899.86
Iceland,2022,21.89
Iceland,2023,21.71
Iceland,2024,21.37
Iceland,2025,11.0
Italy,2016,729.64
Italy,2017,716.33
Italy,2018,722.25
Italy,2019,774.33
Italy,2020,783.03
Italy,2021,766.81
Italy,2022,695.0
Italy,2023,707.0
Italy,2024,785.0
Italy,2025,726.0
Lithuania,2016,118.7
Lithuania,2017,112.1
Lithuania,2018,108.1
Lithuania,2019,104.1
Lithuania,2020,107.7
Lithuania,2021,107.1
Lithuania,2022,110.44
Lithuania,2023,107.13
Lithuania,2024,105.67
Lithuania,2025,109.63
Luxembourg,2016,49.19
Luxembourg,2017,45.42
Luxembourg,2018,45.26
Luxembourg,2019,45.17
Luxembourg,2020,45.02
Luxembourg,2021,44.06
Luxembourg,2022,43.18
Luxembourg,2023,41.35
Luxembourg,2024,40.69
Luxembourg,2025,42.52
Latvia,2016,58.19
Latvia,2017,55.72
Latvia,2018,54.55
Latvia,2019,55.75
Latvia,2020,57.44
Latvia,2021,54.96
Latvia,2022,55.2
Latvia,2023,51.78
Latvia,2024,49.56
Latvia,2025,50.31
Montenegro,2016,9.0
Montenegro,2017,11.0
Montenegro,2018,9.4
Montenegro,2019,9.3
Montenegro,2020,9.07
Montenegro,2021,8.52
Montenegro,2022,9.56
Montenegro,2023,9.29
Montenegro,2024,8.95
Montenegro,2025,9.03
North Macedonia,2016,58.0
North Macedonia,2017,62.0
North Macedonia,2018,67.0
North Macedonia,2019,57.0
North Macedonia,2020,52.0
North Macedonia,2021,43.0
North Macedonia,2022,35.0
North Macedonia,2023,40.0
North Macedonia,2024,34.0
North Macedonia,2025,33.68
Malta,2016,3.88
Malta,2017,4.18
Malta,2018,4.25
Malta,2019,4.0
Malta,2020,4.37
Malta,2021,4.28
Malta,2022,4.35
Malta,2023,4.39
Malta,2024,4.0
Malta,2025,4.12
Netherlands,2016,724.0
Netherlands,2017,646.0
Netherlands,2018,454.0
Netherlands,2019,486.0
Netherlands,2020,509.0
Netherlands,2021,497.0
Netherlands,2022,513.0
Netherlands,2023,491.0
Netherlands,2024,465.0
Netherlands,2025,469.44
Poland,2016,1580.0
Poland,2017,1598.8
Poland,2018,1623.3
Poland,2019,1650.4
Poland,2020,1646.1
Poland,2021,1697.8
Poland,2022,1820.95
Poland,2023,1757.76
Poland,2024,1741.91
Poland,2025,1787.59
Portugal,2016,388.93
Portugal,2017,396.99
Portugal,2018,385.92
Portugal,2019,429.42
Portugal,2020,416.98
Portugal,2021,430.03
Portugal,2022,421.96
Portugal,2023,408.51
Portugal,2024,411.03
Portugal,2025,402.68
Romania,2016,313.2
Romania,2017,303.9
Romania,2018,297.2
Romania,2019,304.8
Romania,2020,274.4
Romania,2021,270.5
Romania,2022,266.1
Romania,2023,248.9
Romania,2024,248.5
Romania,2025,248.8
Serbia,2016,256.0
Serbia,2017,256.0
Serbia,2018,242.0
Serbia,2019,245.0
Serbia,2020,242.0
Serbia,2021,220.0
Serbia,2022,202.73
Serbia,2023,179.92
Serbia,2024,172.56
Serbia,2025,184.57
Sweden,2016,440.2
Sweden,2017,449.3
Sweden,2018,445.57
Sweden,2019,432.44
Sweden,2020,443.22
Sweden,2021,440.33
Sweden,2022,442.3
Sweden,2023,434.0
Sweden,2024,421.07
Sweden,2025,425.57
Slovenia,2016,144.01
Slovenia,2017,140.1
Slovenia,2018,140.92
Slovenia,2019,142.15
Slovenia,2020,141.06
Slovenia,2021,144.54
Slovenia,2022,135.68
Slovenia,2023,131.09
Slovenia,2024,130.82
Slovenia,2025,136.38
Slovakia,2016,110.66
Slovakia,2017,104.67
Slovakia,2018,103.87
Slovakia,2019,103.11
Slovakia,2020,106.48
Slovakia,2021,104.86
Slovakia,2022,106.36
Slovakia,2023,100.65
Slovakia,2024,96.6
Slovakia,2025,78.9
Türkiye,2016,3518.95
Türkiye,2017,4266.24
Türkiye,2018,4463.94
Türkiye,2019,3786.26
Türkiye,2020,3742.75
Türkiye,2021,3730.96
Türkiye,2022,3652.5
Türkiye,2023,3564.33
Türkiye,2024,3692.86
Türkiye,2025,3776.93
Ukraine,2025,342.3
United Kingdom,2016,2925.0
United Kingdom,2017,2929.0
United Kingdom,2018,2843.0
United Kingdom,2019,2834.0
Kosovo*,2016,37.88
Kosovo*,2017,39.3
Kosovo*,2018,39.3
Kosovo*,2019,38.21
Kosovo*,2020,38.42
Kosovo*,2021,34.91
Kosovo*,2022,32.52
Kosovo*,2023,32.33
Kosovo*,2024,32.05
Albania,2016,37.32
Albania,2017,44.19
Albania,2018,43.69
Albania,2019,34.97
Albania,2020,26.03
Albania,2021,21.0
Albania,2022,12.37
Albania,2023,11.03
Albania,2024,17.0
Austria,2016,432.04
Austria,2017,438.59
Austria,2018,428.38
Austria,2019,426.43
Austria,2020,414.4
Austria,2021,421.08
Austria,2022,430.13
Austria,2023,426.56
Austria,2024,415.1
Austria,2025,422.48
Bosnia and Herzegovina,2016,74.0
Bosnia and Herzegovina,2017,77.0
Bosnia and Herzegovina,2018,78.0
Bosnia and Herzegovina,2019,76.0
Bosnia and Herzegovina,2020,77.0
Bosnia and Herzegovina,2021,37.26
Bosnia and Herzegovina,2022,47.3
Bosnia and Herzegovina,2023,39.38
Belgium,2016,492.0
Belgium,2017,484.33
Belgium,2018,464.36
Belgium,2019,463.56
Belgium,2020,460.69
Belgium,2021,454.13
Belgium,2022,454.1
Belgium,2023,440.84
Belgium,2024,427.05
Belgium,2025,406.92
Bulgaria,2016,63.2
Bulgaria,2017,56.76
Bulgaria,2018,58.74
Bulgaria,2019,58.49
Bulgaria,2020,71.38
Bulgaria,2021,67.15
Bulgaria,2022,69.67
Bulgaria,2023,68.17
Bulgaria,2024,69.72
Bulgaria,2025,70.09
Switzerland,2016,243.26
Switzerland,2017,247.22
Switzerland,2018,240.76
Switzerland,2019,240.05
Switzerland,2020,236.23
Switzerland,2021,242.66
Switzerland,2022,254.09
Switzerland,2023,254.59
Switzerland,2024,250.28
Switzerland,2025,253.93
Cyprus,2016,9.74
Cyprus,2017,10.68
Cyprus,2018,12.16
Cyprus,2019,11.53
Cyprus,2020,13.77
Cyprus,2021,15.02
Cyprus,2022,14.6
Cyprus,2023,14.31
Cyprus,2024,14.78
Cyprus,2025,14.92
Czechia,2016,295.06
Czechia,2017,299.25
Czechia,2018,304.27
Czechia,2019,298.78
Czechia,2020,295.32
Czechia,2021,296.26
Czechia,2022,314.41
Czechia,2023,303.77
Czechia,2024,308.94
Czechia,2025,307.48
Germany,2016,2959.71
Germany,2017,2904.25
Germany,2018,2829.08
Germany,2019,2751.31
Germany,2020,2639.02
Germany,2021,2568.76
Germany,2022,2600.25
Germany,2023,2572.49
Germany,2024,2448.93
Germany,2025,2394.97
Denmark,2016,298.0
Denmark,2017,294.0
Denmark,2018,284.0
Denmark,2019,280.0
Denmark,2020,279.0
Denmark,2021,280.0
Denmark,2022,281.0
Denmark,2023,278.82
Denmark,2024,271.36
Denmark,2025,258.96
Estonia,2016,50.1
Estonia,2017,49.4
Estonia,2018,49.2
Estonia,2019,49.8
Estonia,2020,49.4
Estonia,2021,50.9
Estonia,2022,49.0
Estonia,2023,46.89
Estonia,2024,44.32
Estonia,2025,42.68
Greece,2016,102.0
Greece,2017,101.0
Greece,2018,96.0
Greece,2019,91.0
Greece,2020,144.5
Greece,2021,113.7
Greece,2022,106.6
Greece,2023,152.2
Greece,2024,129.6
Greece,2025,123.3
Spain,2016,803.88
Spain,2017,822.23
Spain,2018,846.72
Spain,2019,857.05
Spain,2020,852.7
Spain,2021,1016.46
Spain,2022,784.84
Spain,2023,833.9
Spain,2024,782.23
Spain,2025,835.61
"European Union (EU6-1958, EU9-1973, EU10-1981, EU12-1986, EU15-1995, EU25-2004, EU27-2007, EU28-2013, EU27-2020)",2025,14400.87
European Union - 15 countries (1995-2004),2016,15740.89
European Union - 15 countries (1995-2004),2017,15561.57
European Union - 15 countries (1995-2004),2018,15156.32
European Union - 15 countries (1995-2004),2019,14982.17
European Union - 25 countries (2004-2006),2016,18342.47
European Union - 25 countries (2004-2006),2017,18189.37
European Union - 25 countries (2004-2006),2018,17847.31
European Union - 25 countries (2004-2006),2019,17710.09
European Union - 27 countries (2007-2013),2016,18656.28
European Union - 27 countries (2007-2013),2017,18494.53
European Union - 27 countries (2007-2013),2018,18147.04
European Union - 27 countries (2007-2013),2019,17991.98
European Union - 27 countries (from 2020),2016,16310.28
European Union - 27 countries (from 2020),2017,16181.53
European Union - 27 countries (from 2020),2018,15838.04
European Union - 27 countries (from 2020),2019,15763.98
European Union - 27 countries (from 2020),2020,15620.62
European Union - 27 countries (from 2020),2021,15732.25
European Union - 27 countries (from 2020),2022,15308.18
European Union - 27 countries (from 2020),2023,15161.74
European Union - 27 countries (from 2020),2024,14475.04
European Union - 27 countries (from 2020),2025,14400.87
European Union - 28 countries (2013-2020),2016,18745.28
European Union - 28 countries (2013-2020),2017,18594.53
European Union - 28 countries (2013-2020),2018,18243.04
European Union - 28 countries (2013-2020),2019,18098.98
Finland,2016,218.49
Finland,2017,213.1
Finland,2018,209.69
Finland,2019,204.62
Finland,2020,199.38
Finland,2021,205.26
Finland,2022,203.0
Finland,2023,197.71
Finland,2024,185.97
Finland,2025,183.24
France,2016,3474.52
France,2017,3381.36
France,2018,3180.34
France,2019,3183.45
France,2020,3062.93
France,2021,3021.31
France,2022,2992.01
France,2023,3003.32
France,2024,2966.33
France,2025,2869.0
Croatia,2016,89.0
Croatia,2017,100.0
Croatia,2018,96.0
Croatia,2019,107.0
Croatia,2020,111.0
Croatia,2021,107.0
Croatia,2022,112.0
Croatia,2023,115.0
Croatia,2024,114.0
Croatia,2025,114.0
Hungary,2016,176.0
Hungary,2017,179.0
Hungary,2018,182.0
Hungary,2019,193.0
Hungary,2020,195.2
Hungary,2021,153.2
Hungary,2022,158.7
Hungary,2023,149.7
Hungary,2024,149.9
Hungary,2025,157.6
Ireland,2016,1778.12
Ireland,2017,1792.21
Ireland,2018,1789.7
Ireland,2019,1741.38
Ireland,2020,1708.02
Ireland,2021,1775.24
Ireland,2022,1810.25
Ireland,2023,1804.55
Ireland,2024,1701.45
Ireland,2025,1683.86
Iceland,2016,20.2
Iceland,2017,20.4
Iceland,2018,20.0
Iceland,2019,20.3
Iceland,2020,21.5
Iceland,2022,20.55
Iceland,2023,19.61
Iceland,2024,15.88
Iceland,2025,19.0
Italy,2016,1448.04
Italy,2017,1500.51
Italy,2018,1537.6
Italy,2019,1588.0
Italy,2020,1595.38
Italy,2021,1561.58
Italy,2022,1520.0
Italy,2023,1517.0
Italy,2024,1175.0
Italy,2025,1294.0
Lithuania,2016,142.5
Lithuania,2017,135.1
Lithuania,2018,133.0
Lithuania,2019,131.7
Lithuania,2020,128.5
Lithuania,2021,134.5
Lithuania,2022,129.64
Lithuania,2023,130.52
Lithuania,2024,123.22
Lithuania,2025,118.12
Luxembourg,2016,44.42
Luxembourg,2017,44.29
Luxembourg,2018,41.6
Luxembourg,2019,41.2
Luxembourg,2020,40.75
Luxembourg,2021,40.49
Luxembourg,2022,40.54
Luxembourg,2023,39.71
Luxembourg,2024,37.66
Luxembourg,2025,38.09
Latvia,2016,72.54
Latvia,2017,69.71
Latvia,2018,64.9
Latvia,2019,64.66
Latvia,2020,65.43
Latvia,2021,67.93
Latvia,2022,65.66
Latvia,2023,59.73
Latvia,2024,56.31
Latvia,2025,55.25
Montenegro,2016,7.0
Montenegro,2017,5.0
Montenegro,2018,4.0
Montenegro,2019,4.0
Montenegro,2020,3.63
Montenegro,2021,3.36
Montenegro,2022,3.51
Montenegro,2023,3.49
Montenegro,2024,5.17
Montenegro,2025,5.22
North Macedonia,2016,21.0
North Macedonia,2017,15.0
North Macedonia,2018,18.0
North Macedonia,2019,15.0
North Macedonia,2020,15.0
North Macedonia,2021,9.0
North Macedonia,2022,7.0
North Macedonia,2023,9.0
North Macedonia,2024,9.0
North Macedonia,2025,8.05
Malta,2016,3.19
Malta,2017,3.08
Malta,2018,2.9
Malta,2019,3.11
Malta,2020,2.97
Malta,2021,3.07
Malta,2022,2.97
Malta,2023,3.15
Malta,2024,3.11
Malta,2025,2.67
Netherlands,2016,644.0
Netherlands,2017,575.0
Netherlands,2018,465.0
Netherlands,2019,440.0
Netherlands,2020,465.0
Netherlands,2021,482.0
Netherlands,2022,496.0
Netherlands,2023,510.0
Netherlands,2024,477.0
Netherlands,2025,459.3
Poland,2016,1637.3
Poland,2017,1668.7
Poland,2018,1731.7
Poland,2019,1756.5
Poland,2020,1800.0
Poland,2021,1914.8
Poland,2022,1698.56
Poland,2023,1517.75
Poland,2024,1626.59
Poland,2025,1585.16
Portugal,2016,266.57
Portugal,2017,255.72
Portugal,2018,235.93
Portugal,2019,240.35
Portugal,2020,257.02
Portugal,2021,214.28
Portugal,2022,200.89
Portugal,2023,208.36
Portugal,2024,199.7
Portugal,2025,215.03
Romania,2016,250.6
Romania,2017,248.4
Romania,2018,241.0
Romania,2019,223.4
Romania,2020,225.3
Romania,2021,221.5
Romania,2022,227.6
Romania,2023,224.5
Romania,2024,216.9
Romania,2025,217.1
Serbia,2016,150.0
Serbia,2017,140.0
Serbia,2018,108.0
Serbia,2019,142.0
Serbia,2020,140.0
Serbia,2021,142.0
Serbia,2022,148.25
Serbia,2023,132.86
Serbia,2024,145.04
Serbia,2025,136.45
Sweden,2016,344.12
Sweden,2017,341.98
Sweden,2018,342.92
Sweden,2019,338.82
Sweden,2020,323.39
Sweden,2021,334.04
Sweden,2022,332.57
Sweden,2023,332.0
Sweden,2024,323.82
Sweden,2025,322.62
Slovenia,2016,130.77
Slovenia,2017,128.48
Slovenia,2018,127.76
Slovenia,2019,135.53
Slovenia,2020,133.27
Slovenia,2021,130.71
Slovenia,2022,129.92
Slovenia,2023,125.63
Slovenia,2024,124.86
Slovenia,2025,128.93
Slovakia,2016,84.38
Slovakia,2017,84.41
Slovakia,2018,83.1
Slovakia,2019,83.32
Slovakia,2020,86.89
Slovakia,2021,81.88
Slovakia,2022,83.28
Slovakia,2023,85.2
Slovakia,2024,81.18
Slovakia,2025,79.48
Türkiye,2016,3676.37
Türkiye,2017,4207.27
Türkiye,2018,4571.47
Türkiye,2019,4678.86
Türkiye,2020,4661.94
Türkiye,2021,4678.05
Türkiye,2022,4454.66
Türkiye,2023,4401.07
Türkiye,2024,4394.49
Türkiye,2025,4758.53
Ukraine,2025,294.6
United Kingdom,2016,2435.0
United Kingdom,2017,2413.0
United Kingdom,2018,2405.0
United Kingdom,2019,2335.0
Kosovo*,2016,25.72
Kosovo*,2017,24.81
Kosovo*,2018,24.81
Kosovo*,2019,26.15
Kosovo*,2020,25.56
Kosovo*,2021,26.84
Kosovo*,2022,25.15
Kosovo*,2023,24.75
Kosovo*,2024,24.09
