DATAFLOW,LAST UPDATE,freq,dairyprod,milkitem,geo,TIME_PERIOD,OBS_VALUE,OBS_FLAG,CONF_STATUS
ESTAT:TAG00038(1.0),07/10/25 23:00:00,Annual,"Butter, incl. dehydrated butter and ghee, and other fats and oils derived from milk; dairy spreads",Products obtained (1 000 t),Albania,2014,0.68,,
ESTAT:TAG00038(1.0),07/10/25 23:00:00,Annual,"Butter, incl. dehydrated butter and ghee, and other fats and oils derived from milk; dairy spreads",Products obtained (1 000 t),Albania,2015,0.94,p,
ESTAT:TAG00038(1.0),07/10/25 23:00:00,Annual,"Butter, incl. dehydrated butter and ghee, and other fats and oils derived from milk; dairy spreads",Products obtained (1 000 t),Albania,2016,0.82,p,
ESTAT:TAG00038(1.0),07/10/25 23:00:00,Annual,"Butter, incl. dehydrated butter and ghee, and other fats and oils derived from milk; dairy spreads",Products obtained (1 000 t),Albania,2017,0.88,,
ESTAT:TAG00038(1.0),07/10/25 23:00:00,Annual,"Butter, incl. dehydrated butter and ghee, and other fats and oils derived from milk; dairy spreads",Products obtained (1 000 t),Albania,2018,0.91,,
ESTAT:TAG00038(1.0),07/10/25 23:00:00,Annual,"Butter, incl. dehydrated butter and ghee, and other fats and oils derived from milk; dairy spreads",Products obtained (1 000 t),Albania,2019,0.86,,
ESTAT:TAG00038(1.0),07/10/25 23:00:00,Annual,"Butter, incl. dehydrated butter and ghee, and other fats and oils derived from milk; dairy spreads",Products obtained (1 000 t),Albania,2020,0.81,,
ESTAT:TAG00038(1.0),07/10/25 23:00:00,Annual,"Butter, incl. dehydrated butter and ghee, and other fats and oils derived from milk; dairy spreads",Products obtained (1 000 t),Albania,2021,0.78,,
ESTAT:TAG00038(1.0),07/10/25 23:00:00,Annual,"Butter, incl. dehydrated butter and ghee, and other fats and oils derived from milk; dairy spreads",Products obtained (1 000 t),Albania,2022,0.78,,
ESTAT:TAG00038(1.0),07/10/25 23:00:00,Annual,"Butter, incl. dehydrated butter and ghee, and other fats and oils derived from milk; dairy spreads",Products obtained (1 000 t),Albania,2023,0.61,,
ESTAT:TAG00038(1.0),07/10/25 23:00:00,Annual,"Butter, incl. dehydrated butter and ghee, and other fats and oils derived from milk; dairy spreads",Products obtained (1 000 t),Albania,2024,0.66,,
ESTAT:TAG00038(1.0),07/10/25 23:00:00,Annual,"Butter, incl. dehydrated butter and ghee, and other fats and oils derived from milk; dairy spreads",Products obtained (1 000 t),Austria,2013,33.58,,
ESTAT:TAG00038(1.0),07/10/25 23:00:00,Annual,"Butter, incl. dehydrated butter and ghee, and other fats and oils derived from milk; dairy spreads",Products obtained (1 000 t),Austria,2014,32.78,,
ESTAT:TAG00038(1.0),07/10/25 23:00:00,Annual,"Butter, incl. dehydrated butter and ghee, and other fats and oils derived from milk; dairy spreads",Products obtained (1 000 t),Austria,2015,33.27,,
ESTAT:TAG00038(1.0),07/10/25 23:00:00,Annual,"Butter, incl. dehydrated butter and ghee, and other fats and oils derived from milk; dairy spreads",Products obtained (1 000 t),Austria,2016,33.86,,
ESTAT:TAG00038(1.0),07/10/25 23:00:00,Annual,"Butter, incl. dehydrated butter and ghee, and other fats and oils derived from milk; dairy spreads",Products obtained (1 000 t),Austria,2017,36.05,,
ESTAT:TAG00038(1.0),07/10/25 23:00:00,Annual,"Butter, incl. dehydrated butter and ghee, and other fats and oils derived from milk; dairy spreads",Products obtained (1 000 t),Austria,2018,36.35,,
ESTAT:TAG00038(1.0),07/10/25 23:00:00,Annual,"Butter, incl. dehydrated butter and ghee, and other fats and oils derived from milk; dairy spreads",Products obtained (1 000 t),Austria,2019,35.86,,
ESTAT:TAG00038(1.0),07/10/25 23:00:00,Annual,"Butter, incl. dehydrated butter and ghee, and other fats and oils derived from milk; dairy spreads",Products obtained (1 000 t),Austria,2020,37.91,,
ESTAT:TAG00038(1.0),07/10/25 23:00:00,Annual,"Butter, incl. dehydrated butter and ghee, and other fats and oils derived from milk; dairy spreads",Products obtained (1 000 t),Austria,2021,36.17,,
ESTAT:TAG00038(1.0),07/10/25 23:00:00,Annual,"Butter, incl. dehydrated butter and ghee, and other fats and oils derived from milk; dairy spreads",Products obtained (1 000 t),Austria,2022,33.89,,
ESTAT:TAG00038(1.0),07/10/25 23:00:00,Annual,"Butter, incl. dehydrated butter and ghee, and other fats and oils derived from milk; dairy spreads",Products obtained (1 000 t),Austria,2023,33.82,,
ESTAT:TAG00038(1.0),07/10/25 23:00:00,Annual,"Butter, incl. dehydrated butter and ghee, and other fats and oils derived from milk; dairy spreads",Products obtained (1 000 t),Austria,2024,32.16,,
ESTAT:TAG00038(1.0),07/10/25 23:00:00,Annual,"Butter, incl. dehydrated butter and ghee, and other fats and oils derived from milk; dairy spreads",Products obtained (1 000 t),Belgium,2013,36.31,,
ESTAT:TAG00038(1.0),07/10/25 23:00:00,Annual,"Butter, incl. dehydrated butter and ghee, and other fats and oils derived from milk; dairy spreads",Products obtained (1 000 t),Belgium,2014,44.59,,
ESTAT:TAG00038(1.0),07/10/25 23:00:00,Annual,"Butter, incl. dehydrated butter and ghee, and other fats and oils derived from milk; dairy spreads",Products obtained (1 000 t),Belgium,2015,48.96,,
ESTAT:TAG00038(1.0),07/10/25 23:00:00,Annual,"Butter, incl. dehydrated butter and ghee, and other fats and oils derived from milk; dairy spreads",Products obtained (1 000 t),Belgium,2016,58.17,,
ESTAT:TAG00038(1.0),07/10/25 23:00:00,Annual,"Butter, incl. dehydrated butter and ghee, and other fats and oils derived from milk; dairy spreads",Products obtained (1 000 t),Belgium,2017,65.02,,
ESTAT:TAG00038(1.0),07/10/25 23:00:00,Annual,"Butter, incl. dehydrated butter and ghee, and other fats and oils derived from milk; dairy spreads",Products obtained (1 000 t),Belgium,2018,64.68,,
ESTAT:TAG00038(1.0),07/10/25 23:00:00,Annual,"Butter, incl. dehydrated butter and ghee, and other fats and oils derived from milk; dairy spreads",Products obtained (1 000 t),Belgium,2019,112.35,b,
ESTAT:TAG00038(1.0),07/10/25 23:00:00,Annual,"Butter, incl. dehydrated butter and ghee, and other fats and oils derived from milk; dairy spreads",Products obtained (1 000 t),Belgium,2020,122.83,,
ESTAT:TAG00038(1.0),07/10/25 23:00:00,Annual,"Butter, incl. dehydrated butter and ghee, and other fats and oils derived from milk; dairy spreads",Products obtained (1 000 t),Belgium,2021,109.73,,
ESTAT:TAG00038(1.0),07/10/25 23:00:00,Annual,"Butter, incl. dehydrated butter and ghee, and other fats and oils derived from milk; dairy spreads",Products obtained (1 000 t),Belgium,2022,107.89,,
ESTAT:TAG00038(1.0),07/10/25 23:00:00,Annual,"Butter, incl. dehydrated butter and ghee, and other fats and oils derived from milk; dairy spreads",Products obtained (1 000 t),Belgium,2023,119.86,,
ESTAT:TAG00038(1.0),07/10/25 23:00:00,Annual,"Butter, incl. dehydrated butter and ghee, and other fats and oils derived from milk; dairy spreads",Products obtained (1 000 t),Belgium,2024,128.26,,
ESTAT:TAG00038(1.0),07/10/25 23:00:00,Annual,"Butter, incl. dehydrated butter and ghee, and other fats and oils derived from milk; dairy spreads",Products obtained (1 000 t),Bulgaria,2013,1.11,,
ESTAT:TAG00038(1.0),07/10/25 23:00:00,Annual,"Butter, incl. dehydrated butter and ghee, and other fats and oils derived from milk; dairy spreads",Products obtained (1 000 t),Bulgaria,2014,1.00,,
ESTAT:TAG00038(1.0),07/10/25 23:00:00,Annual,"Butter, incl. dehydrated butter and ghee, and other fats and oils derived from milk; dairy spreads",Products obtained (1 000 t),Bulgaria,2015,0.97,,
ESTAT:TAG00038(1.0),07/10/25 23:00:00,Annual,"Butter, incl. dehydrated butter and ghee, and other fats and oils derived from milk; dairy spreads",Products obtained (1 000 t),Bulgaria,2016,0.89,,
ESTAT:TAG00038(1.0),07/10/25 23:00:00,Annual,"Butter, incl. dehydrated butter and ghee, and other fats and oils derived from milk; dairy spreads",Products obtained (1 000 t),Bulgaria,2017,1.06,,
ESTAT:TAG00038(1.0),07/10/25 23:00:00,Annual,"Butter, incl. dehydrated butter and ghee, and other fats and oils derived from milk; dairy spreads",Products obtained (1 000 t),Bulgaria,2018,1.07,,
ESTAT:TAG00038(1.0),07/10/25 23:00:00,Annual,"Butter, incl. dehydrated butter and ghee, and other fats and oils derived from milk; dairy spreads",Products obtained (1 000 t),Bulgaria,2019,1.09,,
ESTAT:TAG00038(1.0),07/10/25 23:00:00,Annual,"Butter, incl. dehydrated butter and ghee, and other fats and oils derived from milk; dairy spreads",Products obtained (1 000 t),Bulgaria,2020,1.03,,
ESTAT:TAG00038(1.0),07/10/25 23:00:00,Annual,"Butter, incl. dehydrated butter and ghee, and other fats and oils derived from milk; dairy spreads",Products obtained (1 000 t),Bulgaria,2021,1.26,,
ESTAT:TAG00038(1.0),07/10/25 23:00:00,Annual,"Butter, incl. dehydrated butter and ghee, and other fats and oils derived from milk; dairy spreads",Products obtained (1 000 t),Bulgaria,2022,1.34,,
ESTAT:TAG00038(1.0),07/10/25 23:00:00,Annual,"Butter, incl. dehydrated butter and ghee, and other fats and oils derived from milk; dairy spreads",Products obtained (1 000 t),Bulgaria,2023,0.95,,
ESTAT:TAG00038(1.0),07/10/25 23:00:00,Annual,"Butter, incl. dehydrated butter and ghee, and other fats and oils derived from milk; dairy spreads",Products obtained (1 000 t),Bulgaria,2024,0.98,,
ESTAT:TAG00038(1.0),07/10/25 23:00:00,Annual,"Butter, incl. dehydrated butter and ghee, and other fats and oils derived from milk; dairy spreads",Products obtained (1 000 t),Switzerland,2013,46.53,,
ESTAT:TAG00038(1.0),07/10/25 23:00:00,Annual,"Butter, incl. dehydrated butter and ghee, and other fats and oils derived from milk; dairy spreads",Products obtained (1 000 t),Switzerland,2014,48.34,,
ESTAT:TAG00038(1.0),07/10/25 23:00:00,Annual,"Butter, incl. dehydrated butter and ghee, and other fats and oils derived from milk; dairy spreads",Products obtained (1 000 t),Switzerland,2015,47.55,,
ESTAT:TAG00038(1.0),07/10/25 23:00:00,Annual,"Butter, incl. dehydrated butter and ghee, and other fats and oils derived from milk; dairy spreads",Products obtained (1 000 t),Switzerland,2016,48.32,,
ESTAT:TAG00038(1.0),07/10/25 23:00:00,Annual,"Butter, incl. dehydrated butter and ghee, and other fats and oils derived from milk; dairy spreads",Products obtained (1 000 t),Switzerland,2017,43.81,,
ESTAT:TAG00038(1.0),07/10/25 23:00:00,Annual,"Butter, incl. dehydrated butter and ghee, and other fats and oils derived from milk; dairy spreads",Products obtained (1 000 t),Switzerland,2018,44.03,,
ESTAT:TAG00038(1.0),07/10/25 23:00:00,Annual,"Butter, incl. dehydrated butter and ghee, and other fats and oils derived from milk; dairy spreads",Products obtained (1 000 t),Switzerland,2019,42.50,,
ESTAT:TAG00038(1.0),07/10/25 23:00:00,Annual,"Butter, incl. dehydrated butter and ghee, and other fats and oils derived from milk; dairy spreads",Products obtained (1 000 t),Switzerland,2020,42.54,,
ESTAT:TAG00038(1.0),07/10/25 23:00:00,Annual,"Butter, incl. dehydrated butter and ghee, and other fats and oils derived from milk; dairy spreads",Products obtained (1 000 t),Switzerland,2021,39.59,,
ESTAT:TAG00038(1.0),07/10/25 23:00:00,Annual,"Butter, incl. dehydrated butter and ghee, and other fats and oils derived from milk; dairy spreads",Products obtained (1 000 t),Switzerland,2022,37.33,b,
ESTAT:TAG00038(1.0),07/10/25 23:00:00,Annual,"Butter, incl. dehydrated butter and ghee, and other fats and oils derived from milk; dairy spreads",Products obtained (1 000 t),Switzerland,2023,45.51,,
ESTAT:TAG00038(1.0),07/10/25 23:00:00,Annual,"Butter, incl. dehydrated butter and ghee, and other fats and oils derived from milk; dairy spreads",Products obtained (1 000 t),Switzerland,2024,45.64,,
ESTAT:TAG00038(1.0),07/10/25 23:00:00,Annual,"Butter, incl. dehydrated butter and ghee, and other fats and oils derived from milk; dairy spreads",Products obtained (1 000 t),Cyprus,2013,0.01,,
ESTAT:TAG00038(1.0),07/10/25 23:00:00,Annual,"Butter, incl. dehydrated butter and ghee, and other fats and oils derived from milk; dairy spreads",Products obtained (1 000 t),Cyprus,2014,0.02,,
ESTAT:TAG00038(1.0),07/10/25 23:00:00,Annual,"Butter, incl. dehydrated butter and ghee, and other fats and oils derived from milk; dairy spreads",Products obtained (1 000 t),Cyprus,2015,0.03,,
ESTAT:TAG00038(1.0),07/10/25 23:00:00,Annual,"Butter, incl. dehydrated butter and ghee, and other fats and oils derived from milk; dairy spreads",Products obtained (1 000 t),Cyprus,2016,0.03,,
ESTAT:TAG00038(1.0),07/10/25 23:00:00,Annual,"Butter, incl. dehydrated butter and ghee, and other fats and oils derived from milk; dairy spreads",Products obtained (1 000 t),Cyprus,2017,0.03,,
ESTAT:TAG00038(1.0),07/10/25 23:00:00,Annual,"Butter, incl. dehydrated butter and ghee, and other fats and oils derived from milk; dairy spreads",Products obtained (1 000 t),Cyprus,2018,0.07,,
ESTAT:TAG00038(1.0),07/10/25 23:00:00,Annual,"Butter, incl. dehydrated butter and ghee, and other fats and oils derived from milk; dairy spreads",Products obtained (1 000 t),Cyprus,2019,0.04,,
ESTAT:TAG00038(1.0),07/10/25 23:00:00,Annual,"Butter, incl. dehydrated butter and ghee, and other fats and oils derived from milk; dairy spreads",Products obtained (1 000 t),Cyprus,2020,0.04,,
ESTAT:TAG00038(1.0),07/10/25 23:00:00,Annual,"Butter, incl. dehydrated butter and ghee, and other fats and oils derived from milk; dairy spreads",Products obtained (1 000 t),Cyprus,2021,0.04,,
ESTAT:TAG00038(1.0),07/10/25 23:00:00,Annual,"Butter, incl. dehydrated butter and ghee, and other fats and oils derived from milk; dairy spreads",Products obtained (1 000 t),Cyprus,2022,0.04,,
ESTAT:TAG00038(1.0),07/10/25 23:00:00,Annual,"Butter, incl. dehydrated butter and ghee, and other fats and oils derived from milk; dairy spreads",Products obtained (1 000 t),Cyprus,2023,0.05,,
ESTAT:TAG00038(1.0),07/10/25 23:00:00,Annual,"Butter, incl. dehydrated butter and ghee, and other fats and oils derived from milk; dairy spreads",Products obtained (1 000 t),Cyprus,2024,0.05,,
ESTAT:TAG00038(1.0),07/10/25 23:00:00,Annual,"Butter, incl. dehydrated butter and ghee, and other fats and oils derived from milk; dairy spreads",Products obtained (1 000 t),Czechia,2013,29.49,,
ESTAT:TAG00038(1.0),07/10/25 23:00:00,Annual,"Butter, incl. dehydrated butter and ghee, and other fats and oils derived from milk; dairy spreads",Products obtained (1 000 t),Czechia,2014,26.98,,
ESTAT:TAG00038(1.0),07/10/25 23:00:00,Annual,"Butter, incl. dehydrated butter and ghee, and other fats and oils derived from milk; dairy spreads",Products obtained (1 000 t),Czechia,2015,29.43,,
ESTAT:TAG00038(1.0),07/10/25 23:00:00,Annual,"Butter, incl. dehydrated butter and ghee, and other fats and oils derived from milk; dairy spreads",Products obtained (1 000 t),Czechia,2016,28.13,,
ESTAT:TAG00038(1.0),07/10/25 23:00:00,Annual,"Butter, incl. dehydrated butter and ghee, and other fats and oils derived from milk; dairy spreads",Products obtained (1 000 t),Czechia,2017,26.05,,
ESTAT:TAG00038(1.0),07/10/25 23:00:00,Annual,"Butter, incl. dehydrated butter and ghee, and other fats and oils derived from milk; dairy spreads",Products obtained (1 000 t),Czechia,2018,24.61,,
ESTAT:TAG00038(1.0),07/10/25 23:00:00,Annual,"Butter, incl. dehydrated butter and ghee, and other fats and oils derived from milk; dairy spreads",Products obtained (1 000 t),Czechia,2019,27.42,,
ESTAT:TAG00038(1.0),07/10/25 23:00:00,Annual,"Butter, incl. dehydrated butter and ghee, and other fats and oils derived from milk; dairy spreads",Products obtained (1 000 t),Czechia,2020,27.98,,
ESTAT:TAG00038(1.0),07/10/25 23:00:00,Annual,"Butter, incl. dehydrated butter and ghee, and other fats and oils derived from milk; dairy spreads",Products obtained (1 000 t),Czechia,2021,27.96,,
ESTAT:TAG00038(1.0),07/10/25 23:00:00,Annual,"Butter, incl. dehydrated butter and ghee, and other fats and oils derived from milk; dairy spreads",Products obtained (1 000 t),Czechia,2022,26.36,,
ESTAT:TAG00038(1.0),07/10/25 23:00:00,Annual,"Butter, incl. dehydrated butter and ghee, and other fats and oils derived from milk; dairy spreads",Products obtained (1 000 t),Czechia,2023,25.78,,
ESTAT:TAG00038(1.0),07/10/25 23:00:00,Annual,"Butter, incl. dehydrated butter and ghee, and other fats and oils derived from milk; dairy spreads",Products obtained (1 000 t),Czechia,2024,27.34,,
ESTAT:TAG00038(1.0),07/10/25 23:00:00,Annual,"Butter, incl. dehydrated butter and ghee, and other fats and oils derived from milk; dairy spreads",Products obtained (1 000 t),Germany,2013,473.10,,
ESTAT:TAG00038(1.0),07/10/25 23:00:00,Annual,"Butter, incl. dehydrated butter and ghee, and other fats and oils derived from milk; dairy spreads",Products obtained (1 000 t),Germany,2014,482.42,,
ESTAT:TAG00038(1.0),07/10/25 23:00:00,Annual,"Butter, incl. dehydrated butter and ghee, and other fats and oils derived from milk; dairy spreads",Products obtained (1 000 t),Germany,2015,509.49,,
ESTAT:TAG00038(1.0),07/10/25 23:00:00,Annual,"Butter, incl. dehydrated butter and ghee, and other fats and oils derived from milk; dairy spreads",Products obtained (1 000 t),Germany,2016,506.93,,
ESTAT:TAG00038(1.0),07/10/25 23:00:00,Annual,"Butter, incl. dehydrated butter and ghee, and other fats and oils derived from milk; dairy spreads",Products obtained (1 000 t),Germany,2017,488.11,,
ESTAT:TAG00038(1.0),07/10/25 23:00:00,Annual,"Butter, incl. dehydrated butter and ghee, and other fats and oils derived from milk; dairy spreads",Products obtained (1 000 t),Germany,2018,474.88,,
ESTAT:TAG00038(1.0),07/10/25 23:00:00,Annual,"Butter, incl. dehydrated butter and ghee, and other fats and oils derived from milk; dairy spreads",Products obtained (1 000 t),Germany,2019,490.65,,
ESTAT:TAG00038(1.0),07/10/25 23:00:00,Annual,"Butter, incl. dehydrated butter and ghee, and other fats and oils derived from milk; dairy spreads",Products obtained (1 000 t),Germany,2020,497.30,,
ESTAT:TAG00038(1.0),07/10/25 23:00:00,Annual,"Butter, incl. dehydrated butter and ghee, and other fats and oils derived from milk; dairy spreads",Products obtained (1 000 t),Germany,2021,461.68,,
ESTAT:TAG00038(1.0),07/10/25 23:00:00,Annual,"Butter, incl. dehydrated butter and ghee, and other fats and oils derived from milk; dairy spreads",Products obtained (1 000 t),Germany,2022,459.18,,
ESTAT:TAG00038(1.0),07/10/25 23:00:00,Annual,"Butter, incl. dehydrated butter and ghee, and other fats and oils derived from milk; dairy spreads",Products obtained (1 000 t),Germany,2023,468.88,,
ESTAT:TAG00038(1.0),07/10/25 23:00:00,Annual,"Butter, incl. dehydrated butter and ghee, and other fats and oils derived from milk; dairy spreads",Products obtained (1 000 t),Germany,2024,477.45,,
ESTAT:TAG00038(1.0),07/10/25 23:00:00,Annual,"Butter, incl. dehydrated butter and ghee, and other fats and oils derived from milk; dairy spreads",Products obtained (1 000 t),Denmark,2013,135.20,,
ESTAT:TAG00038(1.0),07/10/25 23:00:00,Annual,"Butter, incl. dehydrated butter and ghee, and other fats and oils derived from milk; dairy spreads",Products obtained (1 000 t),Denmark,2014,134.30,,
ESTAT:TAG00038(1.0),07/10/25 23:00:00,Annual,"Butter, incl. dehydrated butter and ghee, and other fats and oils derived from milk; dairy spreads",Products obtained (1 000 t),Denmark,2015,93.07,,
ESTAT:TAG00038(1.0),07/10/25 23:00:00,Annual,"Butter, incl. dehydrated butter and ghee, and other fats and oils derived from milk; dairy spreads",Products obtained (1 000 t),Denmark,2016,158.50,,
ESTAT:TAG00038(1.0),07/10/25 23:00:00,Annual,"Butter, incl. dehydrated butter and ghee, and other fats and oils derived from milk; dairy spreads",Products obtained (1 000 t),Denmark,2017,159.80,,
ESTAT:TAG00038(1.0),07/10/25 23:00:00,Annual,"Butter, incl. dehydrated butter and ghee, and other fats and oils derived from milk; dairy spreads",Products obtained (1 000 t),Denmark,2018,183.00,,
ESTAT:TAG00038(1.0),07/10/25 23:00:00,Annual,"Butter, incl. dehydrated butter and ghee, and other fats and oils derived from milk; dairy spreads",Products obtained (1 000 t),Denmark,2019,188.80,,
ESTAT:TAG00038(1.0),07/10/25 23:00:00,Annual,"Butter, incl. dehydrated butter and ghee, and other fats and oils derived from milk; dairy spreads",Products obtained (1 000 t),Denmark,2020,198.83,,
ESTAT:TAG00038(1.0),07/10/25 23:00:00,Annual,"Butter, incl. dehydrated butter and ghee, and other fats and oils derived from milk; dairy spreads",Products obtained (1 000 t),Denmark,2021,159.40,,
ESTAT:TAG00038(1.0),07/10/25 23:00:00,Annual,"Butter, incl. dehydrated butter and ghee, and other fats and oils derived from milk; dairy spreads",Products obtained (1 000 t),Denmark,2022,172.40,,
ESTAT:TAG00038(1.0),07/10/25 23:00:00,Annual,"Butter, incl. dehydrated butter and ghee, and other fats and oils derived from milk; dairy spreads",Products obtained (1 000 t),Denmark,2023,178.70,,
ESTAT:TAG00038(1.0),07/10/25 23:00:00,Annual,"Butter, incl. dehydrated butter and ghee, and other fats and oils derived from milk; dairy spreads",Products obtained (1 000 t),Denmark,2024,172.80,,
ESTAT:TAG00038(1.0),07/10/25 23:00:00,Annual,"Butter, incl. dehydrated butter and ghee, and other fats and oils derived from milk; dairy spreads",Products obtained (1 000 t),Estonia,2013,3.51,,
ESTAT:TAG00038(1.0),07/10/25 23:00:00,Annual,"Butter, incl. dehydrated butter and ghee, and other fats and oils derived from milk; dairy spreads",Products obtained (1 000 t),Estonia,2014,4.54,,
ESTAT:TAG00038(1.0),07/10/25 23:00:00,Annual,"Butter, incl. dehydrated butter and ghee, and other fats and oils derived from milk; dairy spreads",Products obtained (1 000 t),Estonia,2015,5.10,,
ESTAT:TAG00038(1.0),07/10/25 23:00:00,Annual,"Butter, incl. dehydrated butter and ghee, and other fats and oils derived from milk; dairy spreads",Products obtained (1 000 t),Estonia,2016,5.14,,
ESTAT:TAG00038(1.0),07/10/25 23:00:00,Annual,"Butter, incl. dehydrated butter and ghee, and other fats and oils derived from milk; dairy spreads",Products obtained (1 000 t),Estonia,2017,4.34,,
ESTAT:TAG00038(1.0),07/10/25 23:00:00,Annual,"Butter, incl. dehydrated butter and ghee, and other fats and oils derived from milk; dairy spreads",Products obtained (1 000 t),Estonia,2018,4.89,,
ESTAT:TAG00038(1.0),07/10/25 23:00:00,Annual,"Butter, incl. dehydrated butter and ghee, and other fats and oils derived from milk; dairy spreads",Products obtained (1 000 t),Estonia,2019,5.12,,
ESTAT:TAG00038(1.0),07/10/25 23:00:00,Annual,"Butter, incl. dehydrated butter and ghee, and other fats and oils derived from milk; dairy spreads",Products obtained (1 000 t),Estonia,2020,5.27,,
ESTAT:TAG00038(1.0),07/10/25 23:00:00,Annual,"Butter, incl. dehydrated butter and ghee, and other fats and oils derived from milk; dairy spreads",Products obtained (1 000 t),Estonia,2021,4.09,,
ESTAT:TAG00038(1.0),07/10/25 23:00:00,Annual,"Butter, incl. dehydrated butter and ghee, and other fats and oils derived from milk; dairy spreads",Products obtained (1 000 t),Estonia,2022,4.83,,
ESTAT:TAG00038(1.0),07/10/25 23:00:00,Annual,"Butter, incl. dehydrated butter and ghee, and other fats and oils derived from milk; dairy spreads",Products obtained (1 000 t),Estonia,2023,4.60,,
ESTAT:TAG00038(1.0),07/10/25 23:00:00,Annual,"Butter, incl. dehydrated butter and ghee, and other fats and oils derived from milk; dairy spreads",Products obtained (1 000 t),Estonia,2024,3.66,,
ESTAT:TAG00038(1.0),07/10/25 23:00:00,Annual,"Butter, incl. dehydrated butter and ghee, and other fats and oils derived from milk; dairy spreads",Products obtained (1 000 t),Greece,2013,,,C
ESTAT:TAG00038(1.0),07/10/25 23:00:00,Annual,"Butter, incl. dehydrated butter and ghee, and other fats and oils derived from milk; dairy spreads",Products obtained (1 000 t),Greece,2014,0.00,n,
ESTAT:TAG00038(1.0),07/10/25 23:00:00,Annual,"Butter, incl. dehydrated butter and ghee, and other fats and oils derived from milk; dairy spreads",Products obtained (1 000 t),Greece,2015,1.20,,
ESTAT:TAG00038(1.0),07/10/25 23:00:00,Annual,"Butter, incl. dehydrated butter and ghee, and other fats and oils derived from milk; dairy spreads",Products obtained (1 000 t),Greece,2016,1.30,,
ESTAT:TAG00038(1.0),07/10/25 23:00:00,Annual,"Butter, incl. dehydrated butter and ghee, and other fats and oils derived from milk; dairy spreads",Products obtained (1 000 t),Greece,2017,1.50,,
ESTAT:TAG00038(1.0),07/10/25 23:00:00,Annual,"Butter, incl. dehydrated butter and ghee, and other fats and oils derived from milk; dairy spreads",Products obtained (1 000 t),Greece,2018,2.10,,
ESTAT:TAG00038(1.0),07/10/25 23:00:00,Annual,"Butter, incl. dehydrated butter and ghee, and other fats and oils derived from milk; dairy spreads",Products obtained (1 000 t),Greece,2019,2.29,,
ESTAT:TAG00038(1.0),07/10/25 23:00:00,Annual,"Butter, incl. dehydrated butter and ghee, and other fats and oils derived from milk; dairy spreads",Products obtained (1 000 t),Greece,2020,2.58,,
ESTAT:TAG00038(1.0),07/10/25 23:00:00,Annual,"Butter, incl. dehydrated butter and ghee, and other fats and oils derived from milk; dairy spreads",Products obtained (1 000 t),Greece,2021,2.70,,
ESTAT:TAG00038(1.0),07/10/25 23:00:00,Annual,"Butter, incl. dehydrated butter and ghee, and other fats and oils derived from milk; dairy spreads",Products obtained (1 000 t),Greece,2022,2.40,,
ESTAT:TAG00038(1.0),07/10/25 23:00:00,Annual,"Butter, incl. dehydrated butter and ghee, and other fats and oils derived from milk; dairy spreads",Products obtained (1 000 t),Greece,2023,2.16,,
ESTAT:TAG00038(1.0),07/10/25 23:00:00,Annual,"Butter, incl. dehydrated butter and ghee, and other fats and oils derived from milk; dairy spreads",Products obtained (1 000 t),Greece,2024,2.56,,
ESTAT:TAG00038(1.0),07/10/25 23:00:00,Annual,"Butter, incl. dehydrated butter and ghee, and other fats and oils derived from milk; dairy spreads",Products obtained (1 000 t),Spain,2013,35.50,p,
ESTAT:TAG00038(1.0),07/10/25 23:00:00,Annual,"Butter, incl. dehydrated butter and ghee, and other fats and oils derived from milk; dairy spreads",Products obtained (1 000 t),Spain,2014,39.76,p,
ESTAT:TAG00038(1.0),07/10/25 23:00:00,Annual,"Butter, incl. dehydrated butter and ghee, and other fats and oils derived from milk; dairy spreads",Products obtained (1 000 t),Spain,2015,42.52,,
ESTAT:TAG00038(1.0),07/10/25 23:00:00,Annual,"Butter, incl. dehydrated butter and ghee, and other fats and oils derived from milk; dairy spreads",Products obtained (1 000 t),Spain,2016,45.25,p,
ESTAT:TAG00038(1.0),07/10/25 23:00:00,Annual,"Butter, incl. dehydrated butter and ghee, and other fats and oils derived from milk; dairy spreads",Products obtained (1 000 t),Spain,2017,51.19,p,
ESTAT:TAG00038(1.0),07/10/25 23:00:00,Annual,"Butter, incl. dehydrated butter and ghee, and other fats and oils derived from milk; dairy spreads",Products obtained (1 000 t),Spain,2018,50.99,p,
ESTAT:TAG00038(1.0),07/10/25 23:00:00,Annual,"Butter, incl. dehydrated butter and ghee, and other fats and oils derived from milk; dairy spreads",Products obtained (1 000 t),Spain,2019,48.65,,
ESTAT:TAG00038(1.0),07/10/25 23:00:00,Annual,"Butter, incl. dehydrated butter and ghee, and other fats and oils derived from milk; dairy spreads",Products obtained (1 000 t),Spain,2020,49.81,,
ESTAT:TAG00038(1.0),07/10/25 23:00:00,Annual,"Butter, incl. dehydrated butter and ghee, and other fats and oils derived from milk; dairy spreads",Products obtained (1 000 t),Spain,2021,52.25,,
ESTAT:TAG00038(1.0),07/10/25 23:00:00,Annual,"Butter, incl. dehydrated butter and ghee, and other fats and oils derived from milk; dairy spreads",Products obtained (1 000 t),Spain,2022,47.28,,
ESTAT:TAG00038(1.0),07/10/25 23:00:00,Annual,"Butter, incl. dehydrated butter and ghee, and other fats and oils derived from milk; dairy spreads",Products obtained (1 000 t),Spain,2023,46.68,,
ESTAT:TAG00038(1.0),07/10/25 23:00:00,Annual,"Butter, incl. dehydrated butter and ghee, and other fats and oils derived from milk; dairy spreads",Products obtained (1 000 t),Spain,2024,47.02,e,
ESTAT:TAG00038(1.0),07/10/25 23:00:00,Annual,"Butter, incl. dehydrated butter and ghee, and other fats and oils derived from milk; dairy spreads",Products obtained (1 000 t),European Union - 27 countries (from 2020),2014,,,C
ESTAT:TAG00038(1.0),07/10/25 23:00:00,Annual,"Butter, incl. dehydrated butter and ghee, and other fats and oils derived from milk; dairy spreads",Products obtained (1 000 t),European Union - 27 countries (from 2020),2015,,,C
ESTAT:TAG00038(1.0),07/10/25 23:00:00,Annual,"Butter, incl. dehydrated butter and ghee, and other fats and oils derived from milk; dairy spreads",Products obtained (1 000 t),European Union - 27 countries (from 2020),2016,,,C
ESTAT:TAG00038(1.0),07/10/25 23:00:00,Annual,"Butter, incl. dehydrated butter and ghee, and other fats and oils derived from milk; dairy spreads",Products obtained (1 000 t),European Union - 27 countries (from 2020),2017,,,C
ESTAT:TAG00038(1.0),07/10/25 23:00:00,Annual,"Butter, incl. dehydrated butter and ghee, and other fats and oils derived from milk; dairy spreads",Products obtained (1 000 t),European Union - 27 countries (from 2020),2018,,,C
ESTAT:TAG00038(1.0),07/10/25 23:00:00,Annual,"Butter, incl. dehydrated butter and ghee, and other fats and oils derived from milk; dairy spreads",Products obtained (1 000 t),European Union - 27 countries (from 2020),2019,,,C
ESTAT:TAG00038(1.0),07/10/25 23:00:00,Annual,"Butter, incl. dehydrated butter and ghee, and other fats and oils derived from milk; dairy spreads",Products obtained (1 000 t),European Union - 27 countries (from 2020),2020,,,C
ESTAT:TAG00038(1.0),07/10/25 23:00:00,Annual,"Butter, incl. dehydrated butter and ghee, and other fats and oils derived from milk; dairy spreads",Products obtained (1 000 t),European Union - 27 countries (from 2020),2021,,,C
ESTAT:TAG00038(1.0),07/10/25 23:00:00,Annual,"Butter, incl. dehydrated butter and ghee, and other fats and oils derived from milk; dairy spreads",Products obtained (1 000 t),European Union - 27 countries (from 2020),2022,,,C
ESTAT:TAG00038(1.0),07/10/25 23:00:00,Annual,"Butter, incl. dehydrated butter and ghee, and other fats and oils derived from milk; dairy spreads",Products obtained (1 000 t),European Union - 27 countries (from 2020),2023,,,C
ESTAT:TAG00038(1.0),07/10/25 23:00:00,Annual,"Butter, incl. dehydrated butter and ghee, and other fats and oils derived from milk; dairy spreads",Products obtained (1 000 t),European Union - 27 countries (from 2020),2024,,,C
ESTAT:TAG00038(1.0),07/10/25 23:00:00,Annual,"Butter, incl. dehydrated butter and ghee, and other fats and oils derived from milk; dairy spreads",Products obtained (1 000 t),Finland,2013,53.14,,
ESTAT:TAG00038(1.0),07/10/25 23:00:00,Annual,"Butter, incl. dehydrated butter and ghee, and other fats and oils derived from milk; dairy spreads",Products obtained (1 000 t),Finland,2014,57.45,,
ESTAT:TAG00038(1.0),07/10/25 23:00:00,Annual,"Butter, incl. dehydrated butter and ghee, and other fats and oils derived from milk; dairy spreads",Products obtained (1 000 t),Finland,2015,63.22,,
ESTAT:TAG00038(1.0),07/10/25 23:00:00,Annual,"Butter, incl. dehydrated butter and ghee, and other fats and oils derived from milk; dairy spreads",Products obtained (1 000 t),Finland,2016,64.16,,
ESTAT:TAG00038(1.0),07/10/25 23:00:00,Annual,"Butter, incl. dehydrated butter and ghee, and other fats and oils derived from milk; dairy spreads",Products obtained (1 000 t),Finland,2017,61.78,,
ESTAT:TAG00038(1.0),07/10/25 23:00:00,Annual,"Butter, incl. dehydrated butter and ghee, and other fats and oils derived from milk; dairy spreads",Products obtained (1 000 t),Finland,2018,59.91,,
ESTAT:TAG00038(1.0),07/10/25 23:00:00,Annual,"Butter, incl. dehydrated butter and ghee, and other fats and oils derived from milk; dairy spreads",Products obtained (1 000 t),Finland,2019,60.99,,
ESTAT:TAG00038(1.0),07/10/25 23:00:00,Annual,"Butter, incl. dehydrated butter and ghee, and other fats and oils derived from milk; dairy spreads",Products obtained (1 000 t),Finland,2020,62.68,,
ESTAT:TAG00038(1.0),07/10/25 23:00:00,Annual,"Butter, incl. dehydrated butter and ghee, and other fats and oils derived from milk; dairy spreads",Products obtained (1 000 t),Finland,2021,58.76,,
ESTAT:TAG00038(1.0),07/10/25 23:00:00,Annual,"Butter, incl. dehydrated butter and ghee, and other fats and oils derived from milk; dairy spreads",Products obtained (1 000 t),Finland,2022,57.03,,
ESTAT:TAG00038(1.0),07/10/25 23:00:00,Annual,"Butter, incl. dehydrated butter and ghee, and other fats and oils derived from milk; dairy spreads",Products obtained (1 000 t),Finland,2023,57.88,,
ESTAT:TAG00038(1.0),07/10/25 23:00:00,Annual,"Butter, incl. dehydrated butter and ghee, and other fats and oils derived from milk; dairy spreads",Products obtained (1 000 t),Finland,2024,58.07,,
ESTAT:TAG00038(1.0),07/10/25 23:00:00,Annual,"Butter, incl. dehydrated butter and ghee, and other fats and oils derived from milk; dairy spreads",Products obtained (1 000 t),France,2013,400.98,,
ESTAT:TAG00038(1.0),07/10/25 23:00:00,Annual,"Butter, incl. dehydrated butter and ghee, and other fats and oils derived from milk; dairy spreads",Products obtained (1 000 t),France,2014,444.13,,
ESTAT:TAG00038(1.0),07/10/25 23:00:00,Annual,"Butter, incl. dehydrated butter and ghee, and other fats and oils derived from milk; dairy spreads",Products obtained (1 000 t),France,2015,444.01,,
ESTAT:TAG00038(1.0),07/10/25 23:00:00,Annual,"Butter, incl. dehydrated butter and ghee, and other fats and oils derived from milk; dairy spreads",Products obtained (1 000 t),France,2016,434.23,,
ESTAT:TAG00038(1.0),07/10/25 23:00:00,Annual,"Butter, incl. dehydrated butter and ghee, and other fats and oils derived from milk; dairy spreads",Products obtained (1 000 t),France,2017,412.72,,
ESTAT:TAG00038(1.0),07/10/25 23:00:00,Annual,"Butter, incl. dehydrated butter and ghee, and other fats and oils derived from milk; dairy spreads",Products obtained (1 000 t),France,2018,417.41,,
ESTAT:TAG00038(1.0),07/10/25 23:00:00,Annual,"Butter, incl. dehydrated butter and ghee, and other fats and oils derived from milk; dairy spreads",Products obtained (1 000 t),France,2019,419.22,,
ESTAT:TAG00038(1.0),07/10/25 23:00:00,Annual,"Butter, incl. dehydrated butter and ghee, and other fats and oils derived from milk; dairy spreads",Products obtained (1 000 t),France,2020,417.54,,
ESTAT:TAG00038(1.0),07/10/25 23:00:00,Annual,"Butter, incl. dehydrated butter and ghee, and other fats and oils derived from milk; dairy spreads",Products obtained (1 000 t),France,2021,410.18,,
ESTAT:TAG00038(1.0),07/10/25 23:00:00,Annual,"Butter, incl. dehydrated butter and ghee, and other fats and oils derived from milk; dairy spreads",Products obtained (1 000 t),France,2022,412.73,,
ESTAT:TAG00038(1.0),07/10/25 23:00:00,Annual,"Butter, incl. dehydrated butter and ghee, and other fats and oils derived from milk; dairy spreads",Products obtained (1 000 t),France,2023,403.97,,
ESTAT:TAG00038(1.0),07/10/25 23:00:00,Annual,"Butter, incl. dehydrated butter and ghee, and other fats and oils derived from milk; dairy spreads",Products obtained (1 000 t),France,2024,398.08,p,
ESTAT:TAG00038(1.0),07/10/25 23:00:00,Annual,"Butter, incl. dehydrated butter and ghee, and other fats and oils derived from milk; dairy spreads",Products obtained (1 000 t),Croatia,2013,4.87,,
ESTAT:TAG00038(1.0),07/10/25 23:00:00,Annual,"Butter, incl. dehydrated butter and ghee, and other fats and oils derived from milk; dairy spreads",Products obtained (1 000 t),Croatia,2014,,,C
ESTAT:TAG00038(1.0),07/10/25 23:00:00,Annual,"Butter, incl. dehydrated butter and ghee, and other fats and oils derived from milk; dairy spreads",Products obtained (1 000 t),Croatia,2015,3.84,,
ESTAT:TAG00038(1.0),07/10/25 23:00:00,Annual,"Butter, incl. dehydrated butter and ghee, and other fats and oils derived from milk; dairy spreads",Products obtained (1 000 t),Croatia,2016,3.94,,
ESTAT:TAG00038(1.0),07/10/25 23:00:00,Annual,"Butter, incl. dehydrated butter and ghee, and other fats and oils derived from milk; dairy spreads",Products obtained (1 000 t),Croatia,2017,4.58,,
ESTAT:TAG00038(1.0),07/10/25 23:00:00,Annual,"Butter, incl. dehydrated butter and ghee, and other fats and oils derived from milk; dairy spreads",Products obtained (1 000 t),Croatia,2018,3.72,,
ESTAT:TAG00038(1.0),07/10/25 23:00:00,Annual,"Butter, incl. dehydrated butter and ghee, and other fats and oils derived from milk; dairy spreads",Products obtained (1 000 t),Croatia,2019,4.44,,
ESTAT:TAG00038(1.0),07/10/25 23:00:00,Annual,"Butter, incl. dehydrated butter and ghee, and other fats and oils derived from milk; dairy spreads",Products obtained (1 000 t),Croatia,2020,3.55,,
ESTAT:TAG00038(1.0),07/10/25 23:00:00,Annual,"Butter, incl. dehydrated butter and ghee, and other fats and oils derived from milk; dairy spreads",Products obtained (1 000 t),Croatia,2021,5.20,,
ESTAT:TAG00038(1.0),07/10/25 23:00:00,Annual,"Butter, incl. dehydrated butter and ghee, and other fats and oils derived from milk; dairy spreads",Products obtained (1 000 t),Croatia,2022,4.82,,
ESTAT:TAG00038(1.0),07/10/25 23:00:00,Annual,"Butter, incl. dehydrated butter and ghee, and other fats and oils derived from milk; dairy spreads",Products obtained (1 000 t),Croatia,2023,3.90,,
ESTAT:TAG00038(1.0),07/10/25 23:00:00,Annual,"Butter, incl. dehydrated butter and ghee, and other fats and oils derived from milk; dairy spreads",Products obtained (1 000 t),Croatia,2024,4.68,,
ESTAT:TAG00038(1.0),07/10/25 23:00:00,Annual,"Butter, incl. dehydrated butter and ghee, and other fats and oils derived from milk; dairy spreads",Products obtained (1 000 t),Hungary,2013,9.41,,
ESTAT:TAG00038(1.0),07/10/25 23:00:00,Annual,"Butter, incl. dehydrated butter and ghee, and other fats and oils derived from milk; dairy spreads",Products obtained (1 000 t),Hungary,2014,9.74,,
ESTAT:TAG00038(1.0),07/10/25 23:00:00,Annual,"Butter, incl. dehydrated butter and ghee, and other fats and oils derived from milk; dairy spreads",Products obtained (1 000 t),Hungary,2015,5.99,,
ESTAT:TAG00038(1.0),07/10/25 23:00:00,Annual,"Butter, incl. dehydrated butter and ghee, and other fats and oils derived from milk; dairy spreads",Products obtained (1 000 t),Hungary,2016,8.24,,
ESTAT:TAG00038(1.0),07/10/25 23:00:00,Annual,"Butter, incl. dehydrated butter and ghee, and other fats and oils derived from milk; dairy spreads",Products obtained (1 000 t),Hungary,2017,9.00,,
ESTAT:TAG00038(1.0),07/10/25 23:00:00,Annual,"Butter, incl. dehydrated butter and ghee, and other fats and oils derived from milk; dairy spreads",Products obtained (1 000 t),Hungary,2018,9.37,,
ESTAT:TAG00038(1.0),07/10/25 23:00:00,Annual,"Butter, incl. dehydrated butter and ghee, and other fats and oils derived from milk; dairy spreads",Products obtained (1 000 t),Hungary,2019,8.63,,
ESTAT:TAG00038(1.0),07/10/25 23:00:00,Annual,"Butter, incl. dehydrated butter and ghee, and other fats and oils derived from milk; dairy spreads",Products obtained (1 000 t),Hungary,2020,9.19,,
ESTAT:TAG00038(1.0),07/10/25 23:00:00,Annual,"Butter, incl. dehydrated butter and ghee, and other fats and oils derived from milk; dairy spreads",Products obtained (1 000 t),Hungary,2021,9.22,,
ESTAT:TAG00038(1.0),07/10/25 23:00:00,Annual,"Butter, incl. dehydrated butter and ghee, and other fats and oils derived from milk; dairy spreads",Products obtained (1 000 t),Hungary,2022,9.26,,
ESTAT:TAG00038(1.0),07/10/25 23:00:00,Annual,"Butter, incl. dehydrated butter and ghee, and other fats and oils derived from milk; dairy spreads",Products obtained (1 000 t),Hungary,2023,8.44,,
ESTAT:TAG00038(1.0),07/10/25 23:00:00,Annual,"Butter, incl. dehydrated butter and ghee, and other fats and oils derived from milk; dairy spreads",Products obtained (1 000 t),Hungary,2024,9.15,,
ESTAT:TAG00038(1.0),07/10/25 23:00:00,Annual,"Butter, incl. dehydrated butter and ghee, and other fats and oils derived from milk; dairy spreads",Products obtained (1 000 t),Ireland,2013,201.78,,
ESTAT:TAG00038(1.0),07/10/25 23:00:00,Annual,"Butter, incl. dehydrated butter and ghee, and other fats and oils derived from milk; dairy spreads",Products obtained (1 000 t),Ireland,2014,222.90,,
ESTAT:TAG00038(1.0),07/10/25 23:00:00,Annual,"Butter, incl. dehydrated butter and ghee, and other fats and oils derived from milk; dairy spreads",Products obtained (1 000 t),Ireland,2015,,,C
ESTAT:TAG00038(1.0),07/10/25 23:00:00,Annual,"Butter, incl. dehydrated butter and ghee, and other fats and oils derived from milk; dairy spreads",Products obtained (1 000 t),Ireland,2016,229.80,,
ESTAT:TAG00038(1.0),07/10/25 23:00:00,Annual,"Butter, incl. dehydrated butter and ghee, and other fats and oils derived from milk; dairy spreads",Products obtained (1 000 t),Ireland,2017,257.50,,
ESTAT:TAG00038(1.0),07/10/25 23:00:00,Annual,"Butter, incl. dehydrated butter and ghee, and other fats and oils derived from milk; dairy spreads",Products obtained (1 000 t),Ireland,2018,270.30,,
ESTAT:TAG00038(1.0),07/10/25 23:00:00,Annual,"Butter, incl. dehydrated butter and ghee, and other fats and oils derived from milk; dairy spreads",Products obtained (1 000 t),Ireland,2019,284.60,,
ESTAT:TAG00038(1.0),07/10/25 23:00:00,Annual,"Butter, incl. dehydrated butter and ghee, and other fats and oils derived from milk; dairy spreads",Products obtained (1 000 t),Ireland,2020,293.90,,
ESTAT:TAG00038(1.0),07/10/25 23:00:00,Annual,"Butter, incl. dehydrated butter and ghee, and other fats and oils derived from milk; dairy spreads",Products obtained (1 000 t),Ireland,2021,305.90,,
ESTAT:TAG00038(1.0),07/10/25 23:00:00,Annual,"Butter, incl. dehydrated butter and ghee, and other fats and oils derived from milk; dairy spreads",Products obtained (1 000 t),Ireland,2022,299.40,,
ESTAT:TAG00038(1.0),07/10/25 23:00:00,Annual,"Butter, incl. dehydrated butter and ghee, and other fats and oils derived from milk; dairy spreads",Products obtained (1 000 t),Ireland,2023,299.30,,
ESTAT:TAG00038(1.0),07/10/25 23:00:00,Annual,"Butter, incl. dehydrated butter and ghee, and other fats and oils derived from milk; dairy spreads",Products obtained (1 000 t),Ireland,2024,,,C
ESTAT:TAG00038(1.0),07/10/25 23:00:00,Annual,"Butter, incl. dehydrated butter and ghee, and other fats and oils derived from milk; dairy spreads",Products obtained (1 000 t),Italy,2013,98.36,,
ESTAT:TAG00038(1.0),07/10/25 23:00:00,Annual,"Butter, incl. dehydrated butter and ghee, and other fats and oils derived from milk; dairy spreads",Products obtained (1 000 t),Italy,2014,100.51,,
ESTAT:TAG00038(1.0),07/10/25 23:00:00,Annual,"Butter, incl. dehydrated butter and ghee, and other fats and oils derived from milk; dairy spreads",Products obtained (1 000 t),Italy,2015,95.91,,
ESTAT:TAG00038(1.0),07/10/25 23:00:00,Annual,"Butter, incl. dehydrated butter and ghee, and other fats and oils derived from milk; dairy spreads",Products obtained (1 000 t),Italy,2016,95.40,,
ESTAT:TAG00038(1.0),07/10/25 23:00:00,Annual,"Butter, incl. dehydrated butter and ghee, and other fats and oils derived from milk; dairy spreads",Products obtained (1 000 t),Italy,2017,91.22,,
ESTAT:TAG00038(1.0),07/10/25 23:00:00,Annual,"Butter, incl. dehydrated butter and ghee, and other fats and oils derived from milk; dairy spreads",Products obtained (1 000 t),Italy,2018,97.48,,
ESTAT:TAG00038(1.0),07/10/25 23:00:00,Annual,"Butter, incl. dehydrated butter and ghee, and other fats and oils derived from milk; dairy spreads",Products obtained (1 000 t),Italy,2019,94.03,,
ESTAT:TAG00038(1.0),07/10/25 23:00:00,Annual,"Butter, incl. dehydrated butter and ghee, and other fats and oils derived from milk; dairy spreads",Products obtained (1 000 t),Italy,2020,92.25,,
ESTAT:TAG00038(1.0),07/10/25 23:00:00,Annual,"Butter, incl. dehydrated butter and ghee, and other fats and oils derived from milk; dairy spreads",Products obtained (1 000 t),Italy,2021,94.15,,
ESTAT:TAG00038(1.0),07/10/25 23:00:00,Annual,"Butter, incl. dehydrated butter and ghee, and other fats and oils derived from milk; dairy spreads",Products obtained (1 000 t),Italy,2022,94.46,,
ESTAT:TAG00038(1.0),07/10/25 23:00:00,Annual,"Butter, incl. dehydrated butter and ghee, and other fats and oils derived from milk; dairy spreads",Products obtained (1 000 t),Italy,2023,94.40,,
ESTAT:TAG00038(1.0),07/10/25 23:00:00,Annual,"Butter, incl. dehydrated butter and ghee, and other fats and oils derived from milk; dairy spreads",Products obtained (1 000 t),Italy,2024,95.37,,
ESTAT:TAG00038(1.0),07/10/25 23:00:00,Annual,"Butter, incl. dehydrated butter and ghee, and other fats and oils derived from milk; dairy spreads",Products obtained (1 000 t),Lithuania,2013,13.13,,
ESTAT:TAG00038(1.0),07/10/25 23:00:00,Annual,"Butter, incl. dehydrated butter and ghee, and other fats and oils derived from milk; dairy spreads",Products obtained (1 000 t),Lithuania,2014,17.47,,
ESTAT:TAG00038(1.0),07/10/25 23:00:00,Annual,"Butter, incl. dehydrated butter and ghee, and other fats and oils derived from milk; dairy spreads",Products obtained (1 000 t),Lithuania,2015,14.88,,
ESTAT:TAG00038(1.0),07/10/25 23:00:00,Annual,"Butter, incl. dehydrated butter and ghee, and other fats and oils derived from milk; dairy spreads",Products obtained (1 000 t),Lithuania,2016,17.67,,
ESTAT:TAG00038(1.0),07/10/25 23:00:00,Annual,"Butter, incl. dehydrated butter and ghee, and other fats and oils derived from milk; dairy spreads",Products obtained (1 000 t),Lithuania,2017,14.95,,
ESTAT:TAG00038(1.0),07/10/25 23:00:00,Annual,"Butter, incl. dehydrated butter and ghee, and other fats and oils derived from milk; dairy spreads",Products obtained (1 000 t),Lithuania,2018,14.18,,
ESTAT:TAG00038(1.0),07/10/25 23:00:00,Annual,"Butter, incl. dehydrated butter and ghee, and other fats and oils derived from milk; dairy spreads",Products obtained (1 000 t),Lithuania,2019,14.32,,
ESTAT:TAG00038(1.0),07/10/25 23:00:00,Annual,"Butter, incl. dehydrated butter and ghee, and other fats and oils derived from milk; dairy spreads",Products obtained (1 000 t),Lithuania,2020,15.18,,
ESTAT:TAG00038(1.0),07/10/25 23:00:00,Annual,"Butter, incl. dehydrated butter and ghee, and other fats and oils derived from milk; dairy spreads",Products obtained (1 000 t),Lithuania,2021,10.73,,
ESTAT:TAG00038(1.0),07/10/25 23:00:00,Annual,"Butter, incl. dehydrated butter and ghee, and other fats and oils derived from milk; dairy spreads",Products obtained (1 000 t),Lithuania,2022,11.11,,
ESTAT:TAG00038(1.0),07/10/25 23:00:00,Annual,"Butter, incl. dehydrated butter and ghee, and other fats and oils derived from milk; dairy spreads",Products obtained (1 000 t),Lithuania,2023,13.99,,
ESTAT:TAG00038(1.0),07/10/25 23:00:00,Annual,"Butter, incl. dehydrated butter and ghee, and other fats and oils derived from milk; dairy spreads",Products obtained (1 000 t),Lithuania,2024,12.21,,
ESTAT:TAG00038(1.0),07/10/25 23:00:00,Annual,"Butter, incl. dehydrated butter and ghee, and other fats and oils derived from milk; dairy spreads",Products obtained (1 000 t),Luxembourg,2013,,,C
ESTAT:TAG00038(1.0),07/10/25 23:00:00,Annual,"Butter, incl. dehydrated butter and ghee, and other fats and oils derived from milk; dairy spreads",Products obtained (1 000 t),Luxembourg,2014,,,C
ESTAT:TAG00038(1.0),07/10/25 23:00:00,Annual,"Butter, incl. dehydrated butter and ghee, and other fats and oils derived from milk; dairy spreads",Products obtained (1 000 t),Luxembourg,2015,,,C
ESTAT:TAG00038(1.0),07/10/25 23:00:00,Annual,"Butter, incl. dehydrated butter and ghee, and other fats and oils derived from milk; dairy spreads",Products obtained (1 000 t),Luxembourg,2016,,,C
ESTAT:TAG00038(1.0),07/10/25 23:00:00,Annual,"Butter, incl. dehydrated butter and ghee, and other fats and oils derived from milk; dairy spreads",Products obtained (1 000 t),Luxembourg,2017,,,C
ESTAT:TAG00038(1.0),07/10/25 23:00:00,Annual,"Butter, incl. dehydrated butter and ghee, and other fats and oils derived from milk; dairy spreads",Products obtained (1 000 t),Luxembourg,2018,,,C
ESTAT:TAG00038(1.0),07/10/25 23:00:00,Annual,"Butter, incl. dehydrated butter and ghee, and other fats and oils derived from milk; dairy spreads",Products obtained (1 000 t),Luxembourg,2019,,,C
ESTAT:TAG00038(1.0),07/10/25 23:00:00,Annual,"Butter, incl. dehydrated butter and ghee, and other fats and oils derived from milk; dairy spreads",Products obtained (1 000 t),Luxembourg,2020,,,C
ESTAT:TAG00038(1.0),07/10/25 23:00:00,Annual,"Butter, incl. dehydrated butter and ghee, and other fats and oils derived from milk; dairy spreads",Products obtained (1 000 t),Luxembourg,2021,,,C
ESTAT:TAG00038(1.0),07/10/25 23:00:00,Annual,"Butter, incl. dehydrated butter and ghee, and other fats and oils derived from milk; dairy spreads",Products obtained (1 000 t),Luxembourg,2022,,,C
ESTAT:TAG00038(1.0),07/10/25 23:00:00,Annual,"Butter, incl. dehydrated butter and ghee, and other fats and oils derived from milk; dairy spreads",Products obtained (1 000 t),Luxembourg,2023,,,C
ESTAT:TAG00038(1.0),07/10/25 23:00:00,Annual,"Butter, incl. dehydrated butter and ghee, and other fats and oils derived from milk; dairy spreads",Products obtained (1 000 t),Luxembourg,2024,,,C
ESTAT:TAG00038(1.0),07/10/25 23:00:00,Annual,"Butter, incl. dehydrated butter and ghee, and other fats and oils derived from milk; dairy spreads",Products obtained (1 000 t),Latvia,2014,7.53,,
ESTAT:TAG00038(1.0),07/10/25 23:00:00,Annual,"Butter, incl. dehydrated butter and ghee, and other fats and oils derived from milk; dairy spreads",Products obtained (1 000 t),Latvia,2015,6.91,,
ESTAT:TAG00038(1.0),07/10/25 23:00:00,Annual,"Butter, incl. dehydrated butter and ghee, and other fats and oils derived from milk; dairy spreads",Products obtained (1 000 t),Latvia,2016,7.20,,
ESTAT:TAG00038(1.0),07/10/25 23:00:00,Annual,"Butter, incl. dehydrated butter and ghee, and other fats and oils derived from milk; dairy spreads",Products obtained (1 000 t),Latvia,2017,4.65,p,
ESTAT:TAG00038(1.0),07/10/25 23:00:00,Annual,"Butter, incl. dehydrated butter and ghee, and other fats and oils derived from milk; dairy spreads",Products obtained (1 000 t),Latvia,2018,3.21,,
ESTAT:TAG00038(1.0),07/10/25 23:00:00,Annual,"Butter, incl. dehydrated butter and ghee, and other fats and oils derived from milk; dairy spreads",Products obtained (1 000 t),Latvia,2019,3.26,,
ESTAT:TAG00038(1.0),07/10/25 23:00:00,Annual,"Butter, incl. dehydrated butter and ghee, and other fats and oils derived from milk; dairy spreads",Products obtained (1 000 t),Latvia,2020,3.36,,
ESTAT:TAG00038(1.0),07/10/25 23:00:00,Annual,"Butter, incl. dehydrated butter and ghee, and other fats and oils derived from milk; dairy spreads",Products obtained (1 000 t),Latvia,2021,3.10,,
ESTAT:TAG00038(1.0),07/10/25 23:00:00,Annual,"Butter, incl. dehydrated butter and ghee, and other fats and oils derived from milk; dairy spreads",Products obtained (1 000 t),Latvia,2022,2.59,,
ESTAT:TAG00038(1.0),07/10/25 23:00:00,Annual,"Butter, incl. dehydrated butter and ghee, and other fats and oils derived from milk; dairy spreads",Products obtained (1 000 t),Latvia,2023,3.23,,
ESTAT:TAG00038(1.0),07/10/25 23:00:00,Annual,"Butter, incl. dehydrated butter and ghee, and other fats and oils derived from milk; dairy spreads",Products obtained (1 000 t),Latvia,2024,3.14,,
ESTAT:TAG00038(1.0),07/10/25 23:00:00,Annual,"Butter, incl. dehydrated butter and ghee, and other fats and oils derived from milk; dairy spreads",Products obtained (1 000 t),Montenegro,2013,0.00,n,
ESTAT:TAG00038(1.0),07/10/25 23:00:00,Annual,"Butter, incl. dehydrated butter and ghee, and other fats and oils derived from milk; dairy spreads",Products obtained (1 000 t),Montenegro,2014,0.01,,
ESTAT:TAG00038(1.0),07/10/25 23:00:00,Annual,"Butter, incl. dehydrated butter and ghee, and other fats and oils derived from milk; dairy spreads",Products obtained (1 000 t),Montenegro,2015,0.01,,
ESTAT:TAG00038(1.0),07/10/25 23:00:00,Annual,"Butter, incl. dehydrated butter and ghee, and other fats and oils derived from milk; dairy spreads",Products obtained (1 000 t),Montenegro,2016,0.00,,
ESTAT:TAG00038(1.0),07/10/25 23:00:00,Annual,"Butter, incl. dehydrated butter and ghee, and other fats and oils derived from milk; dairy spreads",Products obtained (1 000 t),Montenegro,2017,0.00,,
ESTAT:TAG00038(1.0),07/10/25 23:00:00,Annual,"Butter, incl. dehydrated butter and ghee, and other fats and oils derived from milk; dairy spreads",Products obtained (1 000 t),Montenegro,2018,0.00,,
ESTAT:TAG00038(1.0),07/10/25 23:00:00,Annual,"Butter, incl. dehydrated butter and ghee, and other fats and oils derived from milk; dairy spreads",Products obtained (1 000 t),Montenegro,2019,0.14,,
ESTAT:TAG00038(1.0),07/10/25 23:00:00,Annual,"Butter, incl. dehydrated butter and ghee, and other fats and oils derived from milk; dairy spreads",Products obtained (1 000 t),North Macedonia,2018,0.32,,
ESTAT:TAG00038(1.0),07/10/25 23:00:00,Annual,"Butter, incl. dehydrated butter and ghee, and other fats and oils derived from milk; dairy spreads",Products obtained (1 000 t),North Macedonia,2019,0.53,,
ESTAT:TAG00038(1.0),07/10/25 23:00:00,Annual,"Butter, incl. dehydrated butter and ghee, and other fats and oils derived from milk; dairy spreads",Products obtained (1 000 t),Malta,2013,,,C
ESTAT:TAG00038(1.0),07/10/25 23:00:00,Annual,"Butter, incl. dehydrated butter and ghee, and other fats and oils derived from milk; dairy spreads",Products obtained (1 000 t),Malta,2014,,,C
ESTAT:TAG00038(1.0),07/10/25 23:00:00,Annual,"Butter, incl. dehydrated butter and ghee, and other fats and oils derived from milk; dairy spreads",Products obtained (1 000 t),Malta,2015,0.00,,
ESTAT:TAG00038(1.0),07/10/25 23:00:00,Annual,"Butter, incl. dehydrated butter and ghee, and other fats and oils derived from milk; dairy spreads",Products obtained (1 000 t),Malta,2016,0.00,,
ESTAT:TAG00038(1.0),07/10/25 23:00:00,Annual,"Butter, incl. dehydrated butter and ghee, and other fats and oils derived from milk; dairy spreads",Products obtained (1 000 t),Malta,2017,0.00,,
ESTAT:TAG00038(1.0),07/10/25 23:00:00,Annual,"Butter, incl. dehydrated butter and ghee, and other fats and oils derived from milk; dairy spreads",Products obtained (1 000 t),Malta,2018,0.00,,
ESTAT:TAG00038(1.0),07/10/25 23:00:00,Annual,"Butter, incl. dehydrated butter and ghee, and other fats and oils derived from milk; dairy spreads",Products obtained (1 000 t),Malta,2019,0.00,,
ESTAT:TAG00038(1.0),07/10/25 23:00:00,Annual,"Butter, incl. dehydrated butter and ghee, and other fats and oils derived from milk; dairy spreads",Products obtained (1 000 t),Malta,2020,0.00,,
ESTAT:TAG00038(1.0),07/10/25 23:00:00,Annual,"Butter, incl. dehydrated butter and ghee, and other fats and oils derived from milk; dairy spreads",Products obtained (1 000 t),Malta,2021,0.00,,
ESTAT:TAG00038(1.0),07/10/25 23:00:00,Annual,"Butter, incl. dehydrated butter and ghee, and other fats and oils derived from milk; dairy spreads",Products obtained (1 000 t),Malta,2022,0.00,,
ESTAT:TAG00038(1.0),07/10/25 23:00:00,Annual,"Butter, incl. dehydrated butter and ghee, and other fats and oils derived from milk; dairy spreads",Products obtained (1 000 t),Malta,2023,0.00,,
ESTAT:TAG00038(1.0),07/10/25 23:00:00,Annual,"Butter, incl. dehydrated butter and ghee, and other fats and oils derived from milk; dairy spreads",Products obtained (1 000 t),Malta,2024,0.00,,
ESTAT:TAG00038(1.0),07/10/25 23:00:00,Annual,"Butter, incl. dehydrated butter and ghee, and other fats and oils derived from milk; dairy spreads",Products obtained (1 000 t),Netherlands,2013,199.19,,
ESTAT:TAG00038(1.0),07/10/25 23:00:00,Annual,"Butter, incl. dehydrated butter and ghee, and other fats and oils derived from milk; dairy spreads",Products obtained (1 000 t),Netherlands,2014,206.56,,
ESTAT:TAG00038(1.0),07/10/25 23:00:00,Annual,"Butter, incl. dehydrated butter and ghee, and other fats and oils derived from milk; dairy spreads",Products obtained (1 000 t),Netherlands,2015,236.00,,
ESTAT:TAG00038(1.0),07/10/25 23:00:00,Annual,"Butter, incl. dehydrated butter and ghee, and other fats and oils derived from milk; dairy spreads",Products obtained (1 000 t),Netherlands,2016,248.00,,
ESTAT:TAG00038(1.0),07/10/25 23:00:00,Annual,"Butter, incl. dehydrated butter and ghee, and other fats and oils derived from milk; dairy spreads",Products obtained (1 000 t),Netherlands,2017,248.00,,
ESTAT:TAG00038(1.0),07/10/25 23:00:00,Annual,"Butter, incl. dehydrated butter and ghee, and other fats and oils derived from milk; dairy spreads",Products obtained (1 000 t),Netherlands,2018,247.00,,
ESTAT:TAG00038(1.0),07/10/25 23:00:00,Annual,"Butter, incl. dehydrated butter and ghee, and other fats and oils derived from milk; dairy spreads",Products obtained (1 000 t),Netherlands,2019,229.53,,
ESTAT:TAG00038(1.0),07/10/25 23:00:00,Annual,"Butter, incl. dehydrated butter and ghee, and other fats and oils derived from milk; dairy spreads",Products obtained (1 000 t),Netherlands,2020,220.71,,
ESTAT:TAG00038(1.0),07/10/25 23:00:00,Annual,"Butter, incl. dehydrated butter and ghee, and other fats and oils derived from milk; dairy spreads",Products obtained (1 000 t),Netherlands,2021,217.69,,
ESTAT:TAG00038(1.0),07/10/25 23:00:00,Annual,"Butter, incl. dehydrated butter and ghee, and other fats and oils derived from milk; dairy spreads",Products obtained (1 000 t),Netherlands,2022,214.25,,
ESTAT:TAG00038(1.0),07/10/25 23:00:00,Annual,"Butter, incl. dehydrated butter and ghee, and other fats and oils derived from milk; dairy spreads",Products obtained (1 000 t),Netherlands,2023,206.70,,
ESTAT:TAG00038(1.0),07/10/25 23:00:00,Annual,"Butter, incl. dehydrated butter and ghee, and other fats and oils derived from milk; dairy spreads",Products obtained (1 000 t),Netherlands,2024,,,C
ESTAT:TAG00038(1.0),07/10/25 23:00:00,Annual,"Butter, incl. dehydrated butter and ghee, and other fats and oils derived from milk; dairy spreads",Products obtained (1 000 t),Norway,2014,17.30,,
ESTAT:TAG00038(1.0),07/10/25 23:00:00,Annual,"Butter, incl. dehydrated butter and ghee, and other fats and oils derived from milk; dairy spreads",Products obtained (1 000 t),Norway,2015,19.40,,
ESTAT:TAG00038(1.0),07/10/25 23:00:00,Annual,"Butter, incl. dehydrated butter and ghee, and other fats and oils derived from milk; dairy spreads",Products obtained (1 000 t),Norway,2016,19.70,,
ESTAT:TAG00038(1.0),07/10/25 23:00:00,Annual,"Butter, incl. dehydrated butter and ghee, and other fats and oils derived from milk; dairy spreads",Products obtained (1 000 t),Norway,2017,18.40,,
ESTAT:TAG00038(1.0),07/10/25 23:00:00,Annual,"Butter, incl. dehydrated butter and ghee, and other fats and oils derived from milk; dairy spreads",Products obtained (1 000 t),Norway,2018,19.10,,
ESTAT:TAG00038(1.0),07/10/25 23:00:00,Annual,"Butter, incl. dehydrated butter and ghee, and other fats and oils derived from milk; dairy spreads",Products obtained (1 000 t),Norway,2019,20.00,,
ESTAT:TAG00038(1.0),07/10/25 23:00:00,Annual,"Butter, incl. dehydrated butter and ghee, and other fats and oils derived from milk; dairy spreads",Products obtained (1 000 t),Norway,2020,18.20,,
ESTAT:TAG00038(1.0),07/10/25 23:00:00,Annual,"Butter, incl. dehydrated butter and ghee, and other fats and oils derived from milk; dairy spreads",Products obtained (1 000 t),Norway,2021,21.90,,
ESTAT:TAG00038(1.0),07/10/25 23:00:00,Annual,"Butter, incl. dehydrated butter and ghee, and other fats and oils derived from milk; dairy spreads",Products obtained (1 000 t),Norway,2022,22.10,,
ESTAT:TAG00038(1.0),07/10/25 23:00:00,Annual,"Butter, incl. dehydrated butter and ghee, and other fats and oils derived from milk; dairy spreads",Products obtained (1 000 t),Norway,2023,19.50,,
ESTAT:TAG00038(1.0),07/10/25 23:00:00,Annual,"Butter, incl. dehydrated butter and ghee, and other fats and oils derived from milk; dairy spreads",Products obtained (1 000 t),Norway,2024,20.60,,
ESTAT:TAG00038(1.0),07/10/25 23:00:00,Annual,"Butter, incl. dehydrated butter and ghee, and other fats and oils derived from milk; dairy spreads",Products obtained (1 000 t),Poland,2013,161.03,,
ESTAT:TAG00038(1.0),07/10/25 23:00:00,Annual,"Butter, incl. dehydrated butter and ghee, and other fats and oils derived from milk; dairy spreads",Products obtained (1 000 t),Poland,2014,167.17,,
ESTAT:TAG00038(1.0),07/10/25 23:00:00,Annual,"Butter, incl. dehydrated butter and ghee, and other fats and oils derived from milk; dairy spreads",Products obtained (1 000 t),Poland,2015,187.82,,
ESTAT:TAG00038(1.0),07/10/25 23:00:00,Annual,"Butter, incl. dehydrated butter and ghee, and other fats and oils derived from milk; dairy spreads",Products obtained (1 000 t),Poland,2016,204.36,,
ESTAT:TAG00038(1.0),07/10/25 23:00:00,Annual,"Butter, incl. dehydrated butter and ghee, and other fats and oils derived from milk; dairy spreads",Products obtained (1 000 t),Poland,2017,213.72,,
ESTAT:TAG00038(1.0),07/10/25 23:00:00,Annual,"Butter, incl. dehydrated butter and ghee, and other fats and oils derived from milk; dairy spreads",Products obtained (1 000 t),Poland,2018,222.66,,
ESTAT:TAG00038(1.0),07/10/25 23:00:00,Annual,"Butter, incl. dehydrated butter and ghee, and other fats and oils derived from milk; dairy spreads",Products obtained (1 000 t),Poland,2019,224.45,,
ESTAT:TAG00038(1.0),07/10/25 23:00:00,Annual,"Butter, incl. dehydrated butter and ghee, and other fats and oils derived from milk; dairy spreads",Products obtained (1 000 t),Poland,2020,243.39,,
ESTAT:TAG00038(1.0),07/10/25 23:00:00,Annual,"Butter, incl. dehydrated butter and ghee, and other fats and oils derived from milk; dairy spreads",Products obtained (1 000 t),Poland,2021,232.17,,
ESTAT:TAG00038(1.0),07/10/25 23:00:00,Annual,"Butter, incl. dehydrated butter and ghee, and other fats and oils derived from milk; dairy spreads",Products obtained (1 000 t),Poland,2022,247.23,,
ESTAT:TAG00038(1.0),07/10/25 23:00:00,Annual,"Butter, incl. dehydrated butter and ghee, and other fats and oils derived from milk; dairy spreads",Products obtained (1 000 t),Poland,2023,264.95,,
ESTAT:TAG00038(1.0),07/10/25 23:00:00,Annual,"Butter, incl. dehydrated butter and ghee, and other fats and oils derived from milk; dairy spreads",Products obtained (1 000 t),Poland,2024,258.06,,
ESTAT:TAG00038(1.0),07/10/25 23:00:00,Annual,"Butter, incl. dehydrated butter and ghee, and other fats and oils derived from milk; dairy spreads",Products obtained (1 000 t),Portugal,2013,25.73,,
ESTAT:TAG00038(1.0),07/10/25 23:00:00,Annual,"Butter, incl. dehydrated butter and ghee, and other fats and oils derived from milk; dairy spreads",Products obtained (1 000 t),Portugal,2014,28.11,,
ESTAT:TAG00038(1.0),07/10/25 23:00:00,Annual,"Butter, incl. dehydrated butter and ghee, and other fats and oils derived from milk; dairy spreads",Products obtained (1 000 t),Portugal,2015,32.29,,
ESTAT:TAG00038(1.0),07/10/25 23:00:00,Annual,"Butter, incl. dehydrated butter and ghee, and other fats and oils derived from milk; dairy spreads",Products obtained (1 000 t),Portugal,2016,30.78,,
ESTAT:TAG00038(1.0),07/10/25 23:00:00,Annual,"Butter, incl. dehydrated butter and ghee, and other fats and oils derived from milk; dairy spreads",Products obtained (1 000 t),Portugal,2017,32.04,,
ESTAT:TAG00038(1.0),07/10/25 23:00:00,Annual,"Butter, incl. dehydrated butter and ghee, and other fats and oils derived from milk; dairy spreads",Products obtained (1 000 t),Portugal,2018,31.08,,
ESTAT:TAG00038(1.0),07/10/25 23:00:00,Annual,"Butter, incl. dehydrated butter and ghee, and other fats and oils derived from milk; dairy spreads",Products obtained (1 000 t),Portugal,2019,30.46,,
ESTAT:TAG00038(1.0),07/10/25 23:00:00,Annual,"Butter, incl. dehydrated butter and ghee, and other fats and oils derived from milk; dairy spreads",Products obtained (1 000 t),Portugal,2020,31.87,,
ESTAT:TAG00038(1.0),07/10/25 23:00:00,Annual,"Butter, incl. dehydrated butter and ghee, and other fats and oils derived from milk; dairy spreads",Products obtained (1 000 t),Portugal,2021,31.50,,
ESTAT:TAG00038(1.0),07/10/25 23:00:00,Annual,"Butter, incl. dehydrated butter and ghee, and other fats and oils derived from milk; dairy spreads",Products obtained (1 000 t),Portugal,2022,27.49,,
ESTAT:TAG00038(1.0),07/10/25 23:00:00,Annual,"Butter, incl. dehydrated butter and ghee, and other fats and oils derived from milk; dairy spreads",Products obtained (1 000 t),Portugal,2023,31.59,,
ESTAT:TAG00038(1.0),07/10/25 23:00:00,Annual,"Butter, incl. dehydrated butter and ghee, and other fats and oils derived from milk; dairy spreads",Products obtained (1 000 t),Portugal,2024,31.93,,
ESTAT:TAG00038(1.0),07/10/25 23:00:00,Annual,"Butter, incl. dehydrated butter and ghee, and other fats and oils derived from milk; dairy spreads",Products obtained (1 000 t),Romania,2013,9.80,,
ESTAT:TAG00038(1.0),07/10/25 23:00:00,Annual,"Butter, incl. dehydrated butter and ghee, and other fats and oils derived from milk; dairy spreads",Products obtained (1 000 t),Romania,2014,10.59,,
ESTAT:TAG00038(1.0),07/10/25 23:00:00,Annual,"Butter, incl. dehydrated butter and ghee, and other fats and oils derived from milk; dairy spreads",Products obtained (1 000 t),Romania,2015,11.20,,
ESTAT:TAG00038(1.0),07/10/25 23:00:00,Annual,"Butter, incl. dehydrated butter and ghee, and other fats and oils derived from milk; dairy spreads",Products obtained (1 000 t),Romania,2016,11.93,,
ESTAT:TAG00038(1.0),07/10/25 23:00:00,Annual,"Butter, incl. dehydrated butter and ghee, and other fats and oils derived from milk; dairy spreads",Products obtained (1 000 t),Romania,2017,12.11,,
ESTAT:TAG00038(1.0),07/10/25 23:00:00,Annual,"Butter, incl. dehydrated butter and ghee, and other fats and oils derived from milk; dairy spreads",Products obtained (1 000 t),Romania,2018,10.87,,
ESTAT:TAG00038(1.0),07/10/25 23:00:00,Annual,"Butter, incl. dehydrated butter and ghee, and other fats and oils derived from milk; dairy spreads",Products obtained (1 000 t),Romania,2019,8.86,,
ESTAT:TAG00038(1.0),07/10/25 23:00:00,Annual,"Butter, incl. dehydrated butter and ghee, and other fats and oils derived from milk; dairy spreads",Products obtained (1 000 t),Romania,2020,10.22,,
ESTAT:TAG00038(1.0),07/10/25 23:00:00,Annual,"Butter, incl. dehydrated butter and ghee, and other fats and oils derived from milk; dairy spreads",Products obtained (1 000 t),Romania,2021,9.48,,
ESTAT:TAG00038(1.0),07/10/25 23:00:00,Annual,"Butter, incl. dehydrated butter and ghee, and other fats and oils derived from milk; dairy spreads",Products obtained (1 000 t),Romania,2022,8.93,,
ESTAT:TAG00038(1.0),07/10/25 23:00:00,Annual,"Butter, incl. dehydrated butter and ghee, and other fats and oils derived from milk; dairy spreads",Products obtained (1 000 t),Romania,2023,9.33,,
ESTAT:TAG00038(1.0),07/10/25 23:00:00,Annual,"Butter, incl. dehydrated butter and ghee, and other fats and oils derived from milk; dairy spreads",Products obtained (1 000 t),Romania,2024,11.77,,
ESTAT:TAG00038(1.0),07/10/25 23:00:00,Annual,"Butter, incl. dehydrated butter and ghee, and other fats and oils derived from milk; dairy spreads",Products obtained (1 000 t),Serbia,2014,6.50,,
ESTAT:TAG00038(1.0),07/10/25 23:00:00,Annual,"Butter, incl. dehydrated butter and ghee, and other fats and oils derived from milk; dairy spreads",Products obtained (1 000 t),Serbia,2015,4.78,,
ESTAT:TAG00038(1.0),07/10/25 23:00:00,Annual,"Butter, incl. dehydrated butter and ghee, and other fats and oils derived from milk; dairy spreads",Products obtained (1 000 t),Serbia,2016,3.96,,
ESTAT:TAG00038(1.0),07/10/25 23:00:00,Annual,"Butter, incl. dehydrated butter and ghee, and other fats and oils derived from milk; dairy spreads",Products obtained (1 000 t),Serbia,2017,3.97,,
ESTAT:TAG00038(1.0),07/10/25 23:00:00,Annual,"Butter, incl. dehydrated butter and ghee, and other fats and oils derived from milk; dairy spreads",Products obtained (1 000 t),Serbia,2018,4.17,,
ESTAT:TAG00038(1.0),07/10/25 23:00:00,Annual,"Butter, incl. dehydrated butter and ghee, and other fats and oils derived from milk; dairy spreads",Products obtained (1 000 t),Serbia,2020,5.35,,
ESTAT:TAG00038(1.0),07/10/25 23:00:00,Annual,"Butter, incl. dehydrated butter and ghee, and other fats and oils derived from milk; dairy spreads",Products obtained (1 000 t),Serbia,2021,5.28,,
ESTAT:TAG00038(1.0),07/10/25 23:00:00,Annual,"Butter, incl. dehydrated butter and ghee, and other fats and oils derived from milk; dairy spreads",Products obtained (1 000 t),Serbia,2022,4.97,,
ESTAT:TAG00038(1.0),07/10/25 23:00:00,Annual,"Butter, incl. dehydrated butter and ghee, and other fats and oils derived from milk; dairy spreads",Products obtained (1 000 t),Serbia,2023,4.39,,
ESTAT:TAG00038(1.0),07/10/25 23:00:00,Annual,"Butter, incl. dehydrated butter and ghee, and other fats and oils derived from milk; dairy spreads",Products obtained (1 000 t),Serbia,2024,4.16,,
ESTAT:TAG00038(1.0),07/10/25 23:00:00,Annual,"Butter, incl. dehydrated butter and ghee, and other fats and oils derived from milk; dairy spreads",Products obtained (1 000 t),Sweden,2013,34.71,,
ESTAT:TAG00038(1.0),07/10/25 23:00:00,Annual,"Butter, incl. dehydrated butter and ghee, and other fats and oils derived from milk; dairy spreads",Products obtained (1 000 t),Sweden,2014,37.56,,
ESTAT:TAG00038(1.0),07/10/25 23:00:00,Annual,"Butter, incl. dehydrated butter and ghee, and other fats and oils derived from milk; dairy spreads",Products obtained (1 000 t),Sweden,2015,40.33,,
ESTAT:TAG00038(1.0),07/10/25 23:00:00,Annual,"Butter, incl. dehydrated butter and ghee, and other fats and oils derived from milk; dairy spreads",Products obtained (1 000 t),Sweden,2016,41.04,,
ESTAT:TAG00038(1.0),07/10/25 23:00:00,Annual,"Butter, incl. dehydrated butter and ghee, and other fats and oils derived from milk; dairy spreads",Products obtained (1 000 t),Sweden,2017,40.24,,
ESTAT:TAG00038(1.0),07/10/25 23:00:00,Annual,"Butter, incl. dehydrated butter and ghee, and other fats and oils derived from milk; dairy spreads",Products obtained (1 000 t),Sweden,2018,37.59,,
ESTAT:TAG00038(1.0),07/10/25 23:00:00,Annual,"Butter, incl. dehydrated butter and ghee, and other fats and oils derived from milk; dairy spreads",Products obtained (1 000 t),Sweden,2019,38.37,,
ESTAT:TAG00038(1.0),07/10/25 23:00:00,Annual,"Butter, incl. dehydrated butter and ghee, and other fats and oils derived from milk; dairy spreads",Products obtained (1 000 t),Sweden,2020,38.69,,
ESTAT:TAG00038(1.0),07/10/25 23:00:00,Annual,"Butter, incl. dehydrated butter and ghee, and other fats and oils derived from milk; dairy spreads",Products obtained (1 000 t),Sweden,2021,38.45,,
ESTAT:TAG00038(1.0),07/10/25 23:00:00,Annual,"Butter, incl. dehydrated butter and ghee, and other fats and oils derived from milk; dairy spreads",Products obtained (1 000 t),Sweden,2022,39.78,,
ESTAT:TAG00038(1.0),07/10/25 23:00:00,Annual,"Butter, incl. dehydrated butter and ghee, and other fats and oils derived from milk; dairy spreads",Products obtained (1 000 t),Sweden,2023,40.98,,
ESTAT:TAG00038(1.0),07/10/25 23:00:00,Annual,"Butter, incl. dehydrated butter and ghee, and other fats and oils derived from milk; dairy spreads",Products obtained (1 000 t),Sweden,2024,40.41,,
ESTAT:TAG00038(1.0),07/10/25 23:00:00,Annual,"Butter, incl. dehydrated butter and ghee, and other fats and oils derived from milk; dairy spreads",Products obtained (1 000 t),Slovenia,2013,2.29,,
ESTAT:TAG00038(1.0),07/10/25 23:00:00,Annual,"Butter, incl. dehydrated butter and ghee, and other fats and oils derived from milk; dairy spreads",Products obtained (1 000 t),Slovenia,2014,2.32,,
ESTAT:TAG00038(1.0),07/10/25 23:00:00,Annual,"Butter, incl. dehydrated butter and ghee, and other fats and oils derived from milk; dairy spreads",Products obtained (1 000 t),Slovenia,2015,2.26,,
ESTAT:TAG00038(1.0),07/10/25 23:00:00,Annual,"Butter, incl. dehydrated butter and ghee, and other fats and oils derived from milk; dairy spreads",Products obtained (1 000 t),Slovenia,2016,2.37,,
ESTAT:TAG00038(1.0),07/10/25 23:00:00,Annual,"Butter, incl. dehydrated butter and ghee, and other fats and oils derived from milk; dairy spreads",Products obtained (1 000 t),Slovenia,2017,2.74,,
ESTAT:TAG00038(1.0),07/10/25 23:00:00,Annual,"Butter, incl. dehydrated butter and ghee, and other fats and oils derived from milk; dairy spreads",Products obtained (1 000 t),Slovenia,2018,2.63,,
ESTAT:TAG00038(1.0),07/10/25 23:00:00,Annual,"Butter, incl. dehydrated butter and ghee, and other fats and oils derived from milk; dairy spreads",Products obtained (1 000 t),Slovenia,2019,2.54,,
ESTAT:TAG00038(1.0),07/10/25 23:00:00,Annual,"Butter, incl. dehydrated butter and ghee, and other fats and oils derived from milk; dairy spreads",Products obtained (1 000 t),Slovenia,2020,2.63,,
ESTAT:TAG00038(1.0),07/10/25 23:00:00,Annual,"Butter, incl. dehydrated butter and ghee, and other fats and oils derived from milk; dairy spreads",Products obtained (1 000 t),Slovenia,2021,,,C
ESTAT:TAG00038(1.0),07/10/25 23:00:00,Annual,"Butter, incl. dehydrated butter and ghee, and other fats and oils derived from milk; dairy spreads",Products obtained (1 000 t),Slovenia,2022,,,C
ESTAT:TAG00038(1.0),07/10/25 23:00:00,Annual,"Butter, incl. dehydrated butter and ghee, and other fats and oils derived from milk; dairy spreads",Products obtained (1 000 t),Slovenia,2023,,,C
ESTAT:TAG00038(1.0),07/10/25 23:00:00,Annual,"Butter, incl. dehydrated butter and ghee, and other fats and oils derived from milk; dairy spreads",Products obtained (1 000 t),Slovenia,2024,,,C
ESTAT:TAG00038(1.0),07/10/25 23:00:00,Annual,"Butter, incl. dehydrated butter and ghee, and other fats and oils derived from milk; dairy spreads",Products obtained (1 000 t),Slovakia,2013,9.08,,
ESTAT:TAG00038(1.0),07/10/25 23:00:00,Annual,"Butter, incl. dehydrated butter and ghee, and other fats and oils derived from milk; dairy spreads",Products obtained (1 000 t),Slovakia,2014,8.63,,
ESTAT:TAG00038(1.0),07/10/25 23:00:00,Annual,"Butter, incl. dehydrated butter and ghee, and other fats and oils derived from milk; dairy spreads",Products obtained (1 000 t),Slovakia,2015,8.93,,
ESTAT:TAG00038(1.0),07/10/25 23:00:00,Annual,"Butter, incl. dehydrated butter and ghee, and other fats and oils derived from milk; dairy spreads",Products obtained (1 000 t),Slovakia,2016,8.97,,
ESTAT:TAG00038(1.0),07/10/25 23:00:00,Annual,"Butter, incl. dehydrated butter and ghee, and other fats and oils derived from milk; dairy spreads",Products obtained (1 000 t),Slovakia,2017,,,C
ESTAT:TAG00038(1.0),07/10/25 23:00:00,Annual,"Butter, incl. dehydrated butter and ghee, and other fats and oils derived from milk; dairy spreads",Products obtained (1 000 t),Slovakia,2018,10.12,,
ESTAT:TAG00038(1.0),07/10/25 23:00:00,Annual,"Butter, incl. dehydrated butter and ghee, and other fats and oils derived from milk; dairy spreads",Products obtained (1 000 t),Slovakia,2019,10.06,,
ESTAT:TAG00038(1.0),07/10/25 23:00:00,Annual,"Butter, incl. dehydrated butter and ghee, and other fats and oils derived from milk; dairy spreads",Products obtained (1 000 t),Slovakia,2020,11.08,,
ESTAT:TAG00038(1.0),07/10/25 23:00:00,Annual,"Butter, incl. dehydrated butter and ghee, and other fats and oils derived from milk; dairy spreads",Products obtained (1 000 t),Slovakia,2021,10.72,,
ESTAT:TAG00038(1.0),07/10/25 23:00:00,Annual,"Butter, incl. dehydrated butter and ghee, and other fats and oils derived from milk; dairy spreads",Products obtained (1 000 t),Slovakia,2022,10.75,,
ESTAT:TAG00038(1.0),07/10/25 23:00:00,Annual,"Butter, incl. dehydrated butter and ghee, and other fats and oils derived from milk; dairy spreads",Products obtained (1 000 t),Slovakia,2023,9.25,,
ESTAT:TAG00038(1.0),07/10/25 23:00:00,Annual,"Butter, incl. dehydrated butter and ghee, and other fats and oils derived from milk; dairy spreads",Products obtained (1 000 t),Slovakia,2024,9.92,,
ESTAT:TAG00038(1.0),07/10/25 23:00:00,Annual,"Butter, incl. dehydrated butter and ghee, and other fats and oils derived from milk; dairy spreads",Products obtained (1 000 t),Türkiye,2013,41.52,,
ESTAT:TAG00038(1.0),07/10/25 23:00:00,Annual,"Butter, incl. dehydrated butter and ghee, and other fats and oils derived from milk; dairy spreads",Products obtained (1 000 t),Türkiye,2014,45.80,,
ESTAT:TAG00038(1.0),07/10/25 23:00:00,Annual,"Butter, incl. dehydrated butter and ghee, and other fats and oils derived from milk; dairy spreads",Products obtained (1 000 t),Türkiye,2015,51.80,,
ESTAT:TAG00038(1.0),07/10/25 23:00:00,Annual,"Butter, incl. dehydrated butter and ghee, and other fats and oils derived from milk; dairy spreads",Products obtained (1 000 t),Türkiye,2016,57.60,,
ESTAT:TAG00038(1.0),07/10/25 23:00:00,Annual,"Butter, incl. dehydrated butter and ghee, and other fats and oils derived from milk; dairy spreads",Products obtained (1 000 t),Türkiye,2017,59.45,,
ESTAT:TAG00038(1.0),07/10/25 23:00:00,Annual,"Butter, incl. dehydrated butter and ghee, and other fats and oils derived from milk; dairy spreads",Products obtained (1 000 t),Türkiye,2018,65.90,,
ESTAT:TAG00038(1.0),07/10/25 23:00:00,Annual,"Butter, incl. dehydrated butter and ghee, and other fats and oils derived from milk; dairy spreads",Products obtained (1 000 t),Türkiye,2019,73.70,,
ESTAT:TAG00038(1.0),07/10/25 23:00:00,Annual,"Butter, incl. dehydrated butter and ghee, and other fats and oils derived from milk; dairy spreads",Products obtained (1 000 t),Türkiye,2020,78.60,,
ESTAT:TAG00038(1.0),07/10/25 23:00:00,Annual,"Butter, incl. dehydrated butter and ghee, and other fats and oils derived from milk; dairy spreads",Products obtained (1 000 t),Türkiye,2021,84.80,,
ESTAT:TAG00038(1.0),07/10/25 23:00:00,Annual,"Butter, incl. dehydrated butter and ghee, and other fats and oils derived from milk; dairy spreads",Products obtained (1 000 t),Türkiye,2022,95.66,,
ESTAT:TAG00038(1.0),07/10/25 23:00:00,Annual,"Butter, incl. dehydrated butter and ghee, and other fats and oils derived from milk; dairy spreads",Products obtained (1 000 t),Türkiye,2023,87.07,,
ESTAT:TAG00038(1.0),07/10/25 23:00:00,Annual,"Butter, incl. dehydrated butter and ghee, and other fats and oils derived from milk; dairy spreads",Products obtained (1 000 t),Türkiye,2024,102.62,,
ESTAT:TAG00038(1.0),07/10/25 23:00:00,Annual,"Butter, incl. dehydrated butter and ghee, and other fats and oils derived from milk; dairy spreads",Products obtained (1 000 t),United Kingdom,2013,142.33,,
ESTAT:TAG00038(1.0),07/10/25 23:00:00,Annual,"Butter, incl. dehydrated butter and ghee, and other fats and oils derived from milk; dairy spreads",Products obtained (1 000 t),United Kingdom,2014,143.26,,
ESTAT:TAG00038(1.0),07/10/25 23:00:00,Annual,"Butter, incl. dehydrated butter and ghee, and other fats and oils derived from milk; dairy spreads",Products obtained (1 000 t),United Kingdom,2015,144.51,,
ESTAT:TAG00038(1.0),07/10/25 23:00:00,Annual,"Butter, incl. dehydrated butter and ghee, and other fats and oils derived from milk; dairy spreads",Products obtained (1 000 t),United Kingdom,2016,143.08,,
ESTAT:TAG00038(1.0),07/10/25 23:00:00,Annual,"Butter, incl. dehydrated butter and ghee, and other fats and oils derived from milk; dairy spreads",Products obtained (1 000 t),United Kingdom,2017,161.15,,
ESTAT:TAG00038(1.0),07/10/25 23:00:00,Annual,"Butter, incl. dehydrated butter and ghee, and other fats and oils derived from milk; dairy spreads",Products obtained (1 000 t),United Kingdom,2018,152.49,,
ESTAT:TAG00038(1.0),07/10/25 23:00:00,Annual,"Butter, incl. dehydrated butter and ghee, and other fats and oils derived from milk; dairy spreads",Products obtained (1 000 t),United Kingdom,2019,188.07,,
