DATAFLOW,LAST UPDATE,freq,month,animals,unit,geo,TIME_PERIOD,OBS_VALUE,OBS_FLAG,CONF_STATUS
ESTAT:TAG00014(1.0),18/03/26 23:00:00,Annual,November - December,Dairy cows,Thousand heads (animals),Albania,2014,357.78,,
ESTAT:TAG00014(1.0),18/03/26 23:00:00,Annual,November - December,Dairy cows,Thousand heads (animals),Albania,2015,357.52,,
ESTAT:TAG00014(1.0),18/03/26 23:00:00,Annual,November - December,Dairy cows,Thousand heads (animals),Albania,2016,353.05,,
ESTAT:TAG00014(1.0),18/03/26 23:00:00,Annual,November - December,Dairy cows,Thousand heads (animals),Albania,2017,346.41,,
ESTAT:TAG00014(1.0),18/03/26 23:00:00,Annual,November - December,Dairy cows,Thousand heads (animals),Albania,2018,339.94,,
ESTAT:TAG00014(1.0),18/03/26 23:00:00,Annual,November - December,Dairy cows,Thousand heads (animals),Albania,2019,313.89,,
ESTAT:TAG00014(1.0),18/03/26 23:00:00,Annual,November - December,Dairy cows,Thousand heads (animals),Albania,2020,287.17,,
ESTAT:TAG00014(1.0),18/03/26 23:00:00,Annual,November - December,Dairy cows,Thousand heads (animals),Albania,2021,275.58,,
ESTAT:TAG00014(1.0),18/03/26 23:00:00,Annual,November - December,Dairy cows,Thousand heads (animals),Albania,2022,260.96,,
ESTAT:TAG00014(1.0),18/03/26 23:00:00,Annual,November - December,Dairy cows,Thousand heads (animals),Albania,2023,230.68,,
ESTAT:TAG00014(1.0),18/03/26 23:00:00,Annual,November - December,Dairy cows,Thousand heads (animals),Albania,2024,222.82,,
ESTAT:TAG00014(1.0),18/03/26 23:00:00,Annual,November - December,Dairy cows,Thousand heads (animals),Austria,2014,537.74,,
ESTAT:TAG00014(1.0),18/03/26 23:00:00,Annual,November - December,Dairy cows,Thousand heads (animals),Austria,2015,534.1,,
ESTAT:TAG00014(1.0),18/03/26 23:00:00,Annual,November - December,Dairy cows,Thousand heads (animals),Austria,2016,539.87,,
ESTAT:TAG00014(1.0),18/03/26 23:00:00,Annual,November - December,Dairy cows,Thousand heads (animals),Austria,2017,543.42,,
ESTAT:TAG00014(1.0),18/03/26 23:00:00,Annual,November - December,Dairy cows,Thousand heads (animals),Austria,2018,532.87,,
ESTAT:TAG00014(1.0),18/03/26 23:00:00,Annual,November - December,Dairy cows,Thousand heads (animals),Austria,2019,524.07,,
ESTAT:TAG00014(1.0),18/03/26 23:00:00,Annual,November - December,Dairy cows,Thousand heads (animals),Austria,2020,524.78,,
ESTAT:TAG00014(1.0),18/03/26 23:00:00,Annual,November - December,Dairy cows,Thousand heads (animals),Austria,2021,526.46,,
ESTAT:TAG00014(1.0),18/03/26 23:00:00,Annual,November - December,Dairy cows,Thousand heads (animals),Austria,2022,550.55,,
ESTAT:TAG00014(1.0),18/03/26 23:00:00,Annual,November - December,Dairy cows,Thousand heads (animals),Austria,2023,543.03,,
ESTAT:TAG00014(1.0),18/03/26 23:00:00,Annual,November - December,Dairy cows,Thousand heads (animals),Austria,2024,535.81,,
ESTAT:TAG00014(1.0),18/03/26 23:00:00,Annual,November - December,Dairy cows,Thousand heads (animals),Austria,2025,536.22,,
ESTAT:TAG00014(1.0),18/03/26 23:00:00,Annual,November - December,Dairy cows,Thousand heads (animals),Bosnia and Herzegovina,2014,216,e,
ESTAT:TAG00014(1.0),18/03/26 23:00:00,Annual,November - December,Dairy cows,Thousand heads (animals),Bosnia and Herzegovina,2015,217,e,
ESTAT:TAG00014(1.0),18/03/26 23:00:00,Annual,November - December,Dairy cows,Thousand heads (animals),Bosnia and Herzegovina,2016,215,e,
ESTAT:TAG00014(1.0),18/03/26 23:00:00,Annual,November - December,Dairy cows,Thousand heads (animals),Bosnia and Herzegovina,2017,206,e,
ESTAT:TAG00014(1.0),18/03/26 23:00:00,Annual,November - December,Dairy cows,Thousand heads (animals),Bosnia and Herzegovina,2018,200,e,
ESTAT:TAG00014(1.0),18/03/26 23:00:00,Annual,November - December,Dairy cows,Thousand heads (animals),Bosnia and Herzegovina,2019,193,e,
ESTAT:TAG00014(1.0),18/03/26 23:00:00,Annual,November - December,Dairy cows,Thousand heads (animals),Bosnia and Herzegovina,2020,191,e,
ESTAT:TAG00014(1.0),18/03/26 23:00:00,Annual,November - December,Dairy cows,Thousand heads (animals),Bosnia and Herzegovina,2021,147.44,,
ESTAT:TAG00014(1.0),18/03/26 23:00:00,Annual,November - December,Dairy cows,Thousand heads (animals),Bosnia and Herzegovina,2022,148.52,,
ESTAT:TAG00014(1.0),18/03/26 23:00:00,Annual,November - December,Dairy cows,Thousand heads (animals),Bosnia and Herzegovina,2023,147.47,,
ESTAT:TAG00014(1.0),18/03/26 23:00:00,Annual,November - December,Dairy cows,Thousand heads (animals),Belgium,2014,519.09,,
ESTAT:TAG00014(1.0),18/03/26 23:00:00,Annual,November - December,Dairy cows,Thousand heads (animals),Belgium,2015,528.78,,
ESTAT:TAG00014(1.0),18/03/26 23:00:00,Annual,November - December,Dairy cows,Thousand heads (animals),Belgium,2016,530.59,,
ESTAT:TAG00014(1.0),18/03/26 23:00:00,Annual,November - December,Dairy cows,Thousand heads (animals),Belgium,2017,519.16,,
ESTAT:TAG00014(1.0),18/03/26 23:00:00,Annual,November - December,Dairy cows,Thousand heads (animals),Belgium,2018,529.25,,
ESTAT:TAG00014(1.0),18/03/26 23:00:00,Annual,November - December,Dairy cows,Thousand heads (animals),Belgium,2019,537.96,,
ESTAT:TAG00014(1.0),18/03/26 23:00:00,Annual,November - December,Dairy cows,Thousand heads (animals),Belgium,2020,537.94,,
ESTAT:TAG00014(1.0),18/03/26 23:00:00,Annual,November - December,Dairy cows,Thousand heads (animals),Belgium,2021,537.25,,
ESTAT:TAG00014(1.0),18/03/26 23:00:00,Annual,November - December,Dairy cows,Thousand heads (animals),Belgium,2022,543.68,,
ESTAT:TAG00014(1.0),18/03/26 23:00:00,Annual,November - December,Dairy cows,Thousand heads (animals),Belgium,2023,535.55,,
ESTAT:TAG00014(1.0),18/03/26 23:00:00,Annual,November - December,Dairy cows,Thousand heads (animals),Belgium,2024,518.36,,
ESTAT:TAG00014(1.0),18/03/26 23:00:00,Annual,November - December,Dairy cows,Thousand heads (animals),Belgium,2025,522.55,,
ESTAT:TAG00014(1.0),18/03/26 23:00:00,Annual,November - December,Dairy cows,Thousand heads (animals),Bulgaria,2014,301.71,,
ESTAT:TAG00014(1.0),18/03/26 23:00:00,Annual,November - December,Dairy cows,Thousand heads (animals),Bulgaria,2015,282.96,,
ESTAT:TAG00014(1.0),18/03/26 23:00:00,Annual,November - December,Dairy cows,Thousand heads (animals),Bulgaria,2016,278.92,,
ESTAT:TAG00014(1.0),18/03/26 23:00:00,Annual,November - December,Dairy cows,Thousand heads (animals),Bulgaria,2017,260.78,,
ESTAT:TAG00014(1.0),18/03/26 23:00:00,Annual,November - December,Dairy cows,Thousand heads (animals),Bulgaria,2018,244.36,,
ESTAT:TAG00014(1.0),18/03/26 23:00:00,Annual,November - December,Dairy cows,Thousand heads (animals),Bulgaria,2019,226.69,,
ESTAT:TAG00014(1.0),18/03/26 23:00:00,Annual,November - December,Dairy cows,Thousand heads (animals),Bulgaria,2020,241.94,,
ESTAT:TAG00014(1.0),18/03/26 23:00:00,Annual,November - December,Dairy cows,Thousand heads (animals),Bulgaria,2021,230.34,,
ESTAT:TAG00014(1.0),18/03/26 23:00:00,Annual,November - December,Dairy cows,Thousand heads (animals),Bulgaria,2022,212.84,,
ESTAT:TAG00014(1.0),18/03/26 23:00:00,Annual,November - December,Dairy cows,Thousand heads (animals),Bulgaria,2023,202.41,,
ESTAT:TAG00014(1.0),18/03/26 23:00:00,Annual,November - December,Dairy cows,Thousand heads (animals),Bulgaria,2024,189.59,,
ESTAT:TAG00014(1.0),18/03/26 23:00:00,Annual,November - December,Dairy cows,Thousand heads (animals),Bulgaria,2025,184.6,,
ESTAT:TAG00014(1.0),18/03/26 23:00:00,Annual,November - December,Dairy cows,Thousand heads (animals),Switzerland,2015,579.88,,
ESTAT:TAG00014(1.0),18/03/26 23:00:00,Annual,November - December,Dairy cows,Thousand heads (animals),Switzerland,2016,572.34,,
ESTAT:TAG00014(1.0),18/03/26 23:00:00,Annual,November - December,Dairy cows,Thousand heads (animals),Switzerland,2017,567.38,,
ESTAT:TAG00014(1.0),18/03/26 23:00:00,Annual,November - December,Dairy cows,Thousand heads (animals),Switzerland,2018,557.36,,
ESTAT:TAG00014(1.0),18/03/26 23:00:00,Annual,November - December,Dairy cows,Thousand heads (animals),Switzerland,2019,551.76,,
ESTAT:TAG00014(1.0),18/03/26 23:00:00,Annual,November - December,Dairy cows,Thousand heads (animals),Switzerland,2020,541.75,,
ESTAT:TAG00014(1.0),18/03/26 23:00:00,Annual,November - December,Dairy cows,Thousand heads (animals),Switzerland,2021,540.72,,
ESTAT:TAG00014(1.0),18/03/26 23:00:00,Annual,November - December,Dairy cows,Thousand heads (animals),Switzerland,2022,533.03,,
ESTAT:TAG00014(1.0),18/03/26 23:00:00,Annual,November - December,Dairy cows,Thousand heads (animals),Switzerland,2023,524.36,,
ESTAT:TAG00014(1.0),18/03/26 23:00:00,Annual,November - December,Dairy cows,Thousand heads (animals),Switzerland,2024,520.01,,
ESTAT:TAG00014(1.0),18/03/26 23:00:00,Annual,November - December,Dairy cows,Thousand heads (animals),Switzerland,2025,521.32,,
ESTAT:TAG00014(1.0),18/03/26 23:00:00,Annual,November - December,Dairy cows,Thousand heads (animals),Cyprus,2014,25.33,,
ESTAT:TAG00014(1.0),18/03/26 23:00:00,Annual,November - December,Dairy cows,Thousand heads (animals),Cyprus,2015,26.19,,
ESTAT:TAG00014(1.0),18/03/26 23:00:00,Annual,November - December,Dairy cows,Thousand heads (animals),Cyprus,2016,28.46,,
ESTAT:TAG00014(1.0),18/03/26 23:00:00,Annual,November - December,Dairy cows,Thousand heads (animals),Cyprus,2017,30.16,,
ESTAT:TAG00014(1.0),18/03/26 23:00:00,Annual,November - December,Dairy cows,Thousand heads (animals),Cyprus,2018,31.88,,
ESTAT:TAG00014(1.0),18/03/26 23:00:00,Annual,November - December,Dairy cows,Thousand heads (animals),Cyprus,2019,35.02,,
ESTAT:TAG00014(1.0),18/03/26 23:00:00,Annual,November - December,Dairy cows,Thousand heads (animals),Cyprus,2020,39.49,,
ESTAT:TAG00014(1.0),18/03/26 23:00:00,Annual,November - December,Dairy cows,Thousand heads (animals),Cyprus,2021,38.92,,
ESTAT:TAG00014(1.0),18/03/26 23:00:00,Annual,November - December,Dairy cows,Thousand heads (animals),Cyprus,2022,38.22,,
ESTAT:TAG00014(1.0),18/03/26 23:00:00,Annual,November - December,Dairy cows,Thousand heads (animals),Cyprus,2023,38.66,,
ESTAT:TAG00014(1.0),18/03/26 23:00:00,Annual,November - December,Dairy cows,Thousand heads (animals),Cyprus,2024,38.7,,
ESTAT:TAG00014(1.0),18/03/26 23:00:00,Annual,November - December,Dairy cows,Thousand heads (animals),Cyprus,2025,39.72,,
ESTAT:TAG00014(1.0),18/03/26 23:00:00,Annual,November - December,Dairy cows,Thousand heads (animals),Czechia,2014,372.39,,
ESTAT:TAG00014(1.0),18/03/26 23:00:00,Annual,November - December,Dairy cows,Thousand heads (animals),Czechia,2015,369.06,,
ESTAT:TAG00014(1.0),18/03/26 23:00:00,Annual,November - December,Dairy cows,Thousand heads (animals),Czechia,2016,367.31,,
ESTAT:TAG00014(1.0),18/03/26 23:00:00,Annual,November - December,Dairy cows,Thousand heads (animals),Czechia,2017,365.46,,
ESTAT:TAG00014(1.0),18/03/26 23:00:00,Annual,November - December,Dairy cows,Thousand heads (animals),Czechia,2018,358.6,,
ESTAT:TAG00014(1.0),18/03/26 23:00:00,Annual,November - December,Dairy cows,Thousand heads (animals),Czechia,2019,361.43,,
ESTAT:TAG00014(1.0),18/03/26 23:00:00,Annual,November - December,Dairy cows,Thousand heads (animals),Czechia,2020,357.01,,
ESTAT:TAG00014(1.0),18/03/26 23:00:00,Annual,November - December,Dairy cows,Thousand heads (animals),Czechia,2021,362.35,,
ESTAT:TAG00014(1.0),18/03/26 23:00:00,Annual,November - December,Dairy cows,Thousand heads (animals),Czechia,2022,356.65,,
ESTAT:TAG00014(1.0),18/03/26 23:00:00,Annual,November - December,Dairy cows,Thousand heads (animals),Czechia,2023,357.66,,
ESTAT:TAG00014(1.0),18/03/26 23:00:00,Annual,November - December,Dairy cows,Thousand heads (animals),Czechia,2024,360.02,,
ESTAT:TAG00014(1.0),18/03/26 23:00:00,Annual,November - December,Dairy cows,Thousand heads (animals),Czechia,2025,342.59,,
ESTAT:TAG00014(1.0),18/03/26 23:00:00,Annual,November - December,Dairy cows,Thousand heads (animals),Germany,2014,4295.68,,
ESTAT:TAG00014(1.0),18/03/26 23:00:00,Annual,November - December,Dairy cows,Thousand heads (animals),Germany,2015,4284.64,,
ESTAT:TAG00014(1.0),18/03/26 23:00:00,Annual,November - December,Dairy cows,Thousand heads (animals),Germany,2016,4217.7,,
ESTAT:TAG00014(1.0),18/03/26 23:00:00,Annual,November - December,Dairy cows,Thousand heads (animals),Germany,2017,4199.01,,
ESTAT:TAG00014(1.0),18/03/26 23:00:00,Annual,November - December,Dairy cows,Thousand heads (animals),Germany,2018,4100.86,,
ESTAT:TAG00014(1.0),18/03/26 23:00:00,Annual,November - December,Dairy cows,Thousand heads (animals),Germany,2019,4011.67,,
ESTAT:TAG00014(1.0),18/03/26 23:00:00,Annual,November - December,Dairy cows,Thousand heads (animals),Germany,2020,3921.41,,
ESTAT:TAG00014(1.0),18/03/26 23:00:00,Annual,November - December,Dairy cows,Thousand heads (animals),Germany,2021,3832.72,,
ESTAT:TAG00014(1.0),18/03/26 23:00:00,Annual,November - December,Dairy cows,Thousand heads (animals),Germany,2022,3809.72,,
ESTAT:TAG00014(1.0),18/03/26 23:00:00,Annual,November - December,Dairy cows,Thousand heads (animals),Germany,2023,3712.82,,
ESTAT:TAG00014(1.0),18/03/26 23:00:00,Annual,November - December,Dairy cows,Thousand heads (animals),Germany,2024,3589.43,,
ESTAT:TAG00014(1.0),18/03/26 23:00:00,Annual,November - December,Dairy cows,Thousand heads (animals),Germany,2025,3596.63,,
ESTAT:TAG00014(1.0),18/03/26 23:00:00,Annual,November - December,Dairy cows,Thousand heads (animals),Denmark,2014,547,,
ESTAT:TAG00014(1.0),18/03/26 23:00:00,Annual,November - December,Dairy cows,Thousand heads (animals),Denmark,2015,570,,
ESTAT:TAG00014(1.0),18/03/26 23:00:00,Annual,November - December,Dairy cows,Thousand heads (animals),Denmark,2016,565,,
ESTAT:TAG00014(1.0),18/03/26 23:00:00,Annual,November - December,Dairy cows,Thousand heads (animals),Denmark,2017,575,,
ESTAT:TAG00014(1.0),18/03/26 23:00:00,Annual,November - December,Dairy cows,Thousand heads (animals),Denmark,2018,570,,
ESTAT:TAG00014(1.0),18/03/26 23:00:00,Annual,November - December,Dairy cows,Thousand heads (animals),Denmark,2019,563,,
ESTAT:TAG00014(1.0),18/03/26 23:00:00,Annual,November - December,Dairy cows,Thousand heads (animals),Denmark,2020,565,,
ESTAT:TAG00014(1.0),18/03/26 23:00:00,Annual,November - December,Dairy cows,Thousand heads (animals),Denmark,2021,559,,
ESTAT:TAG00014(1.0),18/03/26 23:00:00,Annual,November - December,Dairy cows,Thousand heads (animals),Denmark,2022,556,,
ESTAT:TAG00014(1.0),18/03/26 23:00:00,Annual,November - December,Dairy cows,Thousand heads (animals),Denmark,2023,546.83,,
ESTAT:TAG00014(1.0),18/03/26 23:00:00,Annual,November - December,Dairy cows,Thousand heads (animals),Denmark,2024,542.78,,
ESTAT:TAG00014(1.0),18/03/26 23:00:00,Annual,November - December,Dairy cows,Thousand heads (animals),Denmark,2025,548.21,,
ESTAT:TAG00014(1.0),18/03/26 23:00:00,Annual,November - December,Dairy cows,Thousand heads (animals),Estonia,2014,95.6,,
ESTAT:TAG00014(1.0),18/03/26 23:00:00,Annual,November - December,Dairy cows,Thousand heads (animals),Estonia,2015,90.6,,
ESTAT:TAG00014(1.0),18/03/26 23:00:00,Annual,November - December,Dairy cows,Thousand heads (animals),Estonia,2016,86.1,,
ESTAT:TAG00014(1.0),18/03/26 23:00:00,Annual,November - December,Dairy cows,Thousand heads (animals),Estonia,2017,86.4,,
ESTAT:TAG00014(1.0),18/03/26 23:00:00,Annual,November - December,Dairy cows,Thousand heads (animals),Estonia,2018,85.2,,
ESTAT:TAG00014(1.0),18/03/26 23:00:00,Annual,November - December,Dairy cows,Thousand heads (animals),Estonia,2019,85,,
ESTAT:TAG00014(1.0),18/03/26 23:00:00,Annual,November - December,Dairy cows,Thousand heads (animals),Estonia,2020,84.3,,
ESTAT:TAG00014(1.0),18/03/26 23:00:00,Annual,November - December,Dairy cows,Thousand heads (animals),Estonia,2021,83.7,,
ESTAT:TAG00014(1.0),18/03/26 23:00:00,Annual,November - December,Dairy cows,Thousand heads (animals),Estonia,2022,83.74,,
ESTAT:TAG00014(1.0),18/03/26 23:00:00,Annual,November - December,Dairy cows,Thousand heads (animals),Estonia,2023,83.35,,
ESTAT:TAG00014(1.0),18/03/26 23:00:00,Annual,November - December,Dairy cows,Thousand heads (animals),Estonia,2024,82.85,,
ESTAT:TAG00014(1.0),18/03/26 23:00:00,Annual,November - December,Dairy cows,Thousand heads (animals),Estonia,2025,84.76,,
ESTAT:TAG00014(1.0),18/03/26 23:00:00,Annual,November - December,Dairy cows,Thousand heads (animals),Greece,2014,135,,
ESTAT:TAG00014(1.0),18/03/26 23:00:00,Annual,November - December,Dairy cows,Thousand heads (animals),Greece,2015,111,,
ESTAT:TAG00014(1.0),18/03/26 23:00:00,Annual,November - December,Dairy cows,Thousand heads (animals),Greece,2016,106,,
ESTAT:TAG00014(1.0),18/03/26 23:00:00,Annual,November - December,Dairy cows,Thousand heads (animals),Greece,2017,97,,
ESTAT:TAG00014(1.0),18/03/26 23:00:00,Annual,November - December,Dairy cows,Thousand heads (animals),Greece,2018,95,,
ESTAT:TAG00014(1.0),18/03/26 23:00:00,Annual,November - December,Dairy cows,Thousand heads (animals),Greece,2019,86,,
ESTAT:TAG00014(1.0),18/03/26 23:00:00,Annual,November - December,Dairy cows,Thousand heads (animals),Greece,2020,90,,
ESTAT:TAG00014(1.0),18/03/26 23:00:00,Annual,November - December,Dairy cows,Thousand heads (animals),Greece,2021,91.3,,
ESTAT:TAG00014(1.0),18/03/26 23:00:00,Annual,November - December,Dairy cows,Thousand heads (animals),Greece,2022,80.5,,
ESTAT:TAG00014(1.0),18/03/26 23:00:00,Annual,November - December,Dairy cows,Thousand heads (animals),Greece,2023,88.2,,
ESTAT:TAG00014(1.0),18/03/26 23:00:00,Annual,November - December,Dairy cows,Thousand heads (animals),Greece,2024,79.5,,
ESTAT:TAG00014(1.0),18/03/26 23:00:00,Annual,November - December,Dairy cows,Thousand heads (animals),Greece,2025,75.8,p,
ESTAT:TAG00014(1.0),18/03/26 23:00:00,Annual,November - December,Dairy cows,Thousand heads (animals),Spain,2014,844.79,,
ESTAT:TAG00014(1.0),18/03/26 23:00:00,Annual,November - December,Dairy cows,Thousand heads (animals),Spain,2015,844.11,,
ESTAT:TAG00014(1.0),18/03/26 23:00:00,Annual,November - December,Dairy cows,Thousand heads (animals),Spain,2016,834.45,,
ESTAT:TAG00014(1.0),18/03/26 23:00:00,Annual,November - December,Dairy cows,Thousand heads (animals),Spain,2017,823.39,,
ESTAT:TAG00014(1.0),18/03/26 23:00:00,Annual,November - December,Dairy cows,Thousand heads (animals),Spain,2018,816.69,,
ESTAT:TAG00014(1.0),18/03/26 23:00:00,Annual,November - December,Dairy cows,Thousand heads (animals),Spain,2019,812.87,,
ESTAT:TAG00014(1.0),18/03/26 23:00:00,Annual,November - December,Dairy cows,Thousand heads (animals),Spain,2020,810.74,,
ESTAT:TAG00014(1.0),18/03/26 23:00:00,Annual,November - December,Dairy cows,Thousand heads (animals),Spain,2021,808.86,,
ESTAT:TAG00014(1.0),18/03/26 23:00:00,Annual,November - December,Dairy cows,Thousand heads (animals),Spain,2022,809.99,,
ESTAT:TAG00014(1.0),18/03/26 23:00:00,Annual,November - December,Dairy cows,Thousand heads (animals),Spain,2023,785.59,,
ESTAT:TAG00014(1.0),18/03/26 23:00:00,Annual,November - December,Dairy cows,Thousand heads (animals),Spain,2024,774.01,,
ESTAT:TAG00014(1.0),18/03/26 23:00:00,Annual,November - December,Dairy cows,Thousand heads (animals),Spain,2025,761.27,p,
ESTAT:TAG00014(1.0),18/03/26 23:00:00,Annual,November - December,Dairy cows,Thousand heads (animals),European Union - 27 countries (from 2020),2014,21637.82,,
ESTAT:TAG00014(1.0),18/03/26 23:00:00,Annual,November - December,Dairy cows,Thousand heads (animals),European Union - 27 countries (from 2020),2015,21651.74,,
ESTAT:TAG00014(1.0),18/03/26 23:00:00,Annual,November - December,Dairy cows,Thousand heads (animals),European Union - 27 countries (from 2020),2016,21633.77,,
ESTAT:TAG00014(1.0),18/03/26 23:00:00,Annual,November - December,Dairy cows,Thousand heads (animals),European Union - 27 countries (from 2020),2017,21409.14,,
ESTAT:TAG00014(1.0),18/03/26 23:00:00,Annual,November - December,Dairy cows,Thousand heads (animals),European Union - 27 countries (from 2020),2018,21029.46,,
ESTAT:TAG00014(1.0),18/03/26 23:00:00,Annual,November - December,Dairy cows,Thousand heads (animals),European Union - 27 countries (from 2020),2019,20765.52,,
ESTAT:TAG00014(1.0),18/03/26 23:00:00,Annual,November - December,Dairy cows,Thousand heads (animals),European Union - 27 countries (from 2020),2020,20522.06,,
ESTAT:TAG00014(1.0),18/03/26 23:00:00,Annual,November - December,Dairy cows,Thousand heads (animals),European Union - 27 countries (from 2020),2021,20212.53,,
ESTAT:TAG00014(1.0),18/03/26 23:00:00,Annual,November - December,Dairy cows,Thousand heads (animals),European Union - 27 countries (from 2020),2022,20073.77,,
ESTAT:TAG00014(1.0),18/03/26 23:00:00,Annual,November - December,Dairy cows,Thousand heads (animals),European Union - 27 countries (from 2020),2023,19911.96,,
ESTAT:TAG00014(1.0),18/03/26 23:00:00,Annual,November - December,Dairy cows,Thousand heads (animals),European Union - 27 countries (from 2020),2024,19221.66,b,
ESTAT:TAG00014(1.0),18/03/26 23:00:00,Annual,November - December,Dairy cows,Thousand heads (animals),European Union - 27 countries (from 2020),2025,19085.37,p,
ESTAT:TAG00014(1.0),18/03/26 23:00:00,Annual,November - December,Dairy cows,Thousand heads (animals),Finland,2014,282.91,,
ESTAT:TAG00014(1.0),18/03/26 23:00:00,Annual,November - December,Dairy cows,Thousand heads (animals),Finland,2015,282.23,,
ESTAT:TAG00014(1.0),18/03/26 23:00:00,Annual,November - December,Dairy cows,Thousand heads (animals),Finland,2016,275.38,,
ESTAT:TAG00014(1.0),18/03/26 23:00:00,Annual,November - December,Dairy cows,Thousand heads (animals),Finland,2017,270.64,,
ESTAT:TAG00014(1.0),18/03/26 23:00:00,Annual,November - December,Dairy cows,Thousand heads (animals),Finland,2018,263.64,,
ESTAT:TAG00014(1.0),18/03/26 23:00:00,Annual,November - December,Dairy cows,Thousand heads (animals),Finland,2019,258.94,,
ESTAT:TAG00014(1.0),18/03/26 23:00:00,Annual,November - December,Dairy cows,Thousand heads (animals),Finland,2020,255.62,,
ESTAT:TAG00014(1.0),18/03/26 23:00:00,Annual,November - December,Dairy cows,Thousand heads (animals),Finland,2021,248.53,,
ESTAT:TAG00014(1.0),18/03/26 23:00:00,Annual,November - December,Dairy cows,Thousand heads (animals),Finland,2022,243.17,,
ESTAT:TAG00014(1.0),18/03/26 23:00:00,Annual,November - December,Dairy cows,Thousand heads (animals),Finland,2023,236.27,,
ESTAT:TAG00014(1.0),18/03/26 23:00:00,Annual,November - December,Dairy cows,Thousand heads (animals),Finland,2024,228.35,,
ESTAT:TAG00014(1.0),18/03/26 23:00:00,Annual,November - December,Dairy cows,Thousand heads (animals),Finland,2025,224.9,,
ESTAT:TAG00014(1.0),18/03/26 23:00:00,Annual,November - December,Dairy cows,Thousand heads (animals),France,2014,3661.18,,
ESTAT:TAG00014(1.0),18/03/26 23:00:00,Annual,November - December,Dairy cows,Thousand heads (animals),France,2015,3637.02,,
ESTAT:TAG00014(1.0),18/03/26 23:00:00,Annual,November - December,Dairy cows,Thousand heads (animals),France,2016,3637.02,,
ESTAT:TAG00014(1.0),18/03/26 23:00:00,Annual,November - December,Dairy cows,Thousand heads (animals),France,2017,3596.84,,
ESTAT:TAG00014(1.0),18/03/26 23:00:00,Annual,November - December,Dairy cows,Thousand heads (animals),France,2018,3554.23,,
ESTAT:TAG00014(1.0),18/03/26 23:00:00,Annual,November - December,Dairy cows,Thousand heads (animals),France,2019,3490.81,d,
ESTAT:TAG00014(1.0),18/03/26 23:00:00,Annual,November - December,Dairy cows,Thousand heads (animals),France,2020,3405.68,d,
ESTAT:TAG00014(1.0),18/03/26 23:00:00,Annual,November - December,Dairy cows,Thousand heads (animals),France,2021,3322.03,,
ESTAT:TAG00014(1.0),18/03/26 23:00:00,Annual,November - December,Dairy cows,Thousand heads (animals),France,2022,3230.86,,
ESTAT:TAG00014(1.0),18/03/26 23:00:00,Annual,November - December,Dairy cows,Thousand heads (animals),France,2023,3164.6,,
ESTAT:TAG00014(1.0),18/03/26 23:00:00,Annual,November - December,Dairy cows,Thousand heads (animals),France,2024,3075.18,,
ESTAT:TAG00014(1.0),18/03/26 23:00:00,Annual,November - December,Dairy cows,Thousand heads (animals),France,2025,2984,,
ESTAT:TAG00014(1.0),18/03/26 23:00:00,Annual,November - December,Dairy cows,Thousand heads (animals),Croatia,2014,159,,
ESTAT:TAG00014(1.0),18/03/26 23:00:00,Annual,November - December,Dairy cows,Thousand heads (animals),Croatia,2015,152,,
ESTAT:TAG00014(1.0),18/03/26 23:00:00,Annual,November - December,Dairy cows,Thousand heads (animals),Croatia,2016,147,,
ESTAT:TAG00014(1.0),18/03/26 23:00:00,Annual,November - December,Dairy cows,Thousand heads (animals),Croatia,2017,139,,
ESTAT:TAG00014(1.0),18/03/26 23:00:00,Annual,November - December,Dairy cows,Thousand heads (animals),Croatia,2018,136,b,
ESTAT:TAG00014(1.0),18/03/26 23:00:00,Annual,November - December,Dairy cows,Thousand heads (animals),Croatia,2019,130,,
ESTAT:TAG00014(1.0),18/03/26 23:00:00,Annual,November - December,Dairy cows,Thousand heads (animals),Croatia,2020,110,,
ESTAT:TAG00014(1.0),18/03/26 23:00:00,Annual,November - December,Dairy cows,Thousand heads (animals),Croatia,2021,102,,
ESTAT:TAG00014(1.0),18/03/26 23:00:00,Annual,November - December,Dairy cows,Thousand heads (animals),Croatia,2022,79,b,
ESTAT:TAG00014(1.0),18/03/26 23:00:00,Annual,November - December,Dairy cows,Thousand heads (animals),Croatia,2023,71,,
ESTAT:TAG00014(1.0),18/03/26 23:00:00,Annual,November - December,Dairy cows,Thousand heads (animals),Croatia,2024,71,,
ESTAT:TAG00014(1.0),18/03/26 23:00:00,Annual,November - December,Dairy cows,Thousand heads (animals),Croatia,2025,71,p,
ESTAT:TAG00014(1.0),18/03/26 23:00:00,Annual,November - December,Dairy cows,Thousand heads (animals),Hungary,2014,255,,
ESTAT:TAG00014(1.0),18/03/26 23:00:00,Annual,November - December,Dairy cows,Thousand heads (animals),Hungary,2015,250,,
ESTAT:TAG00014(1.0),18/03/26 23:00:00,Annual,November - December,Dairy cows,Thousand heads (animals),Hungary,2016,244,,
ESTAT:TAG00014(1.0),18/03/26 23:00:00,Annual,November - December,Dairy cows,Thousand heads (animals),Hungary,2017,244,,
ESTAT:TAG00014(1.0),18/03/26 23:00:00,Annual,November - December,Dairy cows,Thousand heads (animals),Hungary,2018,239,,
ESTAT:TAG00014(1.0),18/03/26 23:00:00,Annual,November - December,Dairy cows,Thousand heads (animals),Hungary,2019,243,,
ESTAT:TAG00014(1.0),18/03/26 23:00:00,Annual,November - December,Dairy cows,Thousand heads (animals),Hungary,2020,246.6,b,
ESTAT:TAG00014(1.0),18/03/26 23:00:00,Annual,November - December,Dairy cows,Thousand heads (animals),Hungary,2021,280.9,,
ESTAT:TAG00014(1.0),18/03/26 23:00:00,Annual,November - December,Dairy cows,Thousand heads (animals),Hungary,2022,277.9,,
ESTAT:TAG00014(1.0),18/03/26 23:00:00,Annual,November - December,Dairy cows,Thousand heads (animals),Hungary,2023,265.5,,
ESTAT:TAG00014(1.0),18/03/26 23:00:00,Annual,November - December,Dairy cows,Thousand heads (animals),Hungary,2024,268.3,,
ESTAT:TAG00014(1.0),18/03/26 23:00:00,Annual,November - December,Dairy cows,Thousand heads (animals),Hungary,2025,267,,
ESTAT:TAG00014(1.0),18/03/26 23:00:00,Annual,November - December,Dairy cows,Thousand heads (animals),Ireland,2014,1127.72,,
ESTAT:TAG00014(1.0),18/03/26 23:00:00,Annual,November - December,Dairy cows,Thousand heads (animals),Ireland,2015,1239.89,,
ESTAT:TAG00014(1.0),18/03/26 23:00:00,Annual,November - December,Dairy cows,Thousand heads (animals),Ireland,2016,1295.23,,
ESTAT:TAG00014(1.0),18/03/26 23:00:00,Annual,November - December,Dairy cows,Thousand heads (animals),Ireland,2017,1343.3,,
ESTAT:TAG00014(1.0),18/03/26 23:00:00,Annual,November - December,Dairy cows,Thousand heads (animals),Ireland,2018,1369.1,,
ESTAT:TAG00014(1.0),18/03/26 23:00:00,Annual,November - December,Dairy cows,Thousand heads (animals),Ireland,2019,1425.76,,
ESTAT:TAG00014(1.0),18/03/26 23:00:00,Annual,November - December,Dairy cows,Thousand heads (animals),Ireland,2020,1456.05,,
ESTAT:TAG00014(1.0),18/03/26 23:00:00,Annual,November - December,Dairy cows,Thousand heads (animals),Ireland,2021,1505.27,,
ESTAT:TAG00014(1.0),18/03/26 23:00:00,Annual,November - December,Dairy cows,Thousand heads (animals),Ireland,2022,1510.31,,
ESTAT:TAG00014(1.0),18/03/26 23:00:00,Annual,November - December,Dairy cows,Thousand heads (animals),Ireland,2023,1510.86,,
ESTAT:TAG00014(1.0),18/03/26 23:00:00,Annual,November - December,Dairy cows,Thousand heads (animals),Ireland,2024,1481.31,,
ESTAT:TAG00014(1.0),18/03/26 23:00:00,Annual,November - December,Dairy cows,Thousand heads (animals),Ireland,2025,1490.37,,
ESTAT:TAG00014(1.0),18/03/26 23:00:00,Annual,November - December,Dairy cows,Thousand heads (animals),Iceland,2014,26,,
ESTAT:TAG00014(1.0),18/03/26 23:00:00,Annual,November - December,Dairy cows,Thousand heads (animals),Iceland,2015,27,,
ESTAT:TAG00014(1.0),18/03/26 23:00:00,Annual,November - December,Dairy cows,Thousand heads (animals),Iceland,2016,26.3,,
ESTAT:TAG00014(1.0),18/03/26 23:00:00,Annual,November - December,Dairy cows,Thousand heads (animals),Iceland,2017,26.7,,
ESTAT:TAG00014(1.0),18/03/26 23:00:00,Annual,November - December,Dairy cows,Thousand heads (animals),Iceland,2018,26.4,,
ESTAT:TAG00014(1.0),18/03/26 23:00:00,Annual,November - December,Dairy cows,Thousand heads (animals),Iceland,2019,26.2,,
ESTAT:TAG00014(1.0),18/03/26 23:00:00,Annual,November - December,Dairy cows,Thousand heads (animals),Iceland,2020,26.4,,
ESTAT:TAG00014(1.0),18/03/26 23:00:00,Annual,November - December,Dairy cows,Thousand heads (animals),Iceland,2022,25.81,,
ESTAT:TAG00014(1.0),18/03/26 23:00:00,Annual,November - December,Dairy cows,Thousand heads (animals),Iceland,2023,25.86,,
ESTAT:TAG00014(1.0),18/03/26 23:00:00,Annual,November - December,Dairy cows,Thousand heads (animals),Iceland,2024,25.17,,
ESTAT:TAG00014(1.0),18/03/26 23:00:00,Annual,November - December,Dairy cows,Thousand heads (animals),Iceland,2025,25,p,
ESTAT:TAG00014(1.0),18/03/26 23:00:00,Annual,November - December,Dairy cows,Thousand heads (animals),Italy,2014,2069.39,,
ESTAT:TAG00014(1.0),18/03/26 23:00:00,Annual,November - December,Dairy cows,Thousand heads (animals),Italy,2015,2056.81,,
ESTAT:TAG00014(1.0),18/03/26 23:00:00,Annual,November - December,Dairy cows,Thousand heads (animals),Italy,2016,2060.47,,
ESTAT:TAG00014(1.0),18/03/26 23:00:00,Annual,November - December,Dairy cows,Thousand heads (animals),Italy,2017,2040.11,,
ESTAT:TAG00014(1.0),18/03/26 23:00:00,Annual,November - December,Dairy cows,Thousand heads (animals),Italy,2018,1939.48,,
ESTAT:TAG00014(1.0),18/03/26 23:00:00,Annual,November - December,Dairy cows,Thousand heads (animals),Italy,2019,1875.72,,
ESTAT:TAG00014(1.0),18/03/26 23:00:00,Annual,November - December,Dairy cows,Thousand heads (animals),Italy,2020,1871.27,,
ESTAT:TAG00014(1.0),18/03/26 23:00:00,Annual,November - December,Dairy cows,Thousand heads (animals),Italy,2021,1844.37,,
ESTAT:TAG00014(1.0),18/03/26 23:00:00,Annual,November - December,Dairy cows,Thousand heads (animals),Italy,2022,1865,b,
ESTAT:TAG00014(1.0),18/03/26 23:00:00,Annual,November - December,Dairy cows,Thousand heads (animals),Italy,2023,1808,,
ESTAT:TAG00014(1.0),18/03/26 23:00:00,Annual,November - December,Dairy cows,Thousand heads (animals),Italy,2024,1764,b,
ESTAT:TAG00014(1.0),18/03/26 23:00:00,Annual,November - December,Dairy cows,Thousand heads (animals),Italy,2025,1771,,
ESTAT:TAG00014(1.0),18/03/26 23:00:00,Annual,November - December,Dairy cows,Thousand heads (animals),Lithuania,2014,314,,
ESTAT:TAG00014(1.0),18/03/26 23:00:00,Annual,November - December,Dairy cows,Thousand heads (animals),Lithuania,2015,300.5,,
ESTAT:TAG00014(1.0),18/03/26 23:00:00,Annual,November - December,Dairy cows,Thousand heads (animals),Lithuania,2016,285.8,,
ESTAT:TAG00014(1.0),18/03/26 23:00:00,Annual,November - December,Dairy cows,Thousand heads (animals),Lithuania,2017,272.8,,
ESTAT:TAG00014(1.0),18/03/26 23:00:00,Annual,November - December,Dairy cows,Thousand heads (animals),Lithuania,2018,256.2,,
ESTAT:TAG00014(1.0),18/03/26 23:00:00,Annual,November - December,Dairy cows,Thousand heads (animals),Lithuania,2019,240.9,,
ESTAT:TAG00014(1.0),18/03/26 23:00:00,Annual,November - December,Dairy cows,Thousand heads (animals),Lithuania,2020,232.9,,
ESTAT:TAG00014(1.0),18/03/26 23:00:00,Annual,November - December,Dairy cows,Thousand heads (animals),Lithuania,2021,225.2,,
ESTAT:TAG00014(1.0),18/03/26 23:00:00,Annual,November - December,Dairy cows,Thousand heads (animals),Lithuania,2022,224.18,,
ESTAT:TAG00014(1.0),18/03/26 23:00:00,Annual,November - December,Dairy cows,Thousand heads (animals),Lithuania,2023,211.98,,
ESTAT:TAG00014(1.0),18/03/26 23:00:00,Annual,November - December,Dairy cows,Thousand heads (animals),Lithuania,2024,200.87,,
ESTAT:TAG00014(1.0),18/03/26 23:00:00,Annual,November - December,Dairy cows,Thousand heads (animals),Lithuania,2025,198.42,p,
ESTAT:TAG00014(1.0),18/03/26 23:00:00,Annual,November - December,Dairy cows,Thousand heads (animals),Luxembourg,2014,46.78,,
ESTAT:TAG00014(1.0),18/03/26 23:00:00,Annual,November - December,Dairy cows,Thousand heads (animals),Luxembourg,2015,49.13,,
ESTAT:TAG00014(1.0),18/03/26 23:00:00,Annual,November - December,Dairy cows,Thousand heads (animals),Luxembourg,2016,51.97,,
ESTAT:TAG00014(1.0),18/03/26 23:00:00,Annual,November - December,Dairy cows,Thousand heads (animals),Luxembourg,2017,52.12,,
ESTAT:TAG00014(1.0),18/03/26 23:00:00,Annual,November - December,Dairy cows,Thousand heads (animals),Luxembourg,2018,53,,
ESTAT:TAG00014(1.0),18/03/26 23:00:00,Annual,November - December,Dairy cows,Thousand heads (animals),Luxembourg,2019,54.15,,
ESTAT:TAG00014(1.0),18/03/26 23:00:00,Annual,November - December,Dairy cows,Thousand heads (animals),Luxembourg,2020,54.23,,
ESTAT:TAG00014(1.0),18/03/26 23:00:00,Annual,November - December,Dairy cows,Thousand heads (animals),Luxembourg,2021,54.57,,
ESTAT:TAG00014(1.0),18/03/26 23:00:00,Annual,November - December,Dairy cows,Thousand heads (animals),Luxembourg,2022,55.33,,
ESTAT:TAG00014(1.0),18/03/26 23:00:00,Annual,November - December,Dairy cows,Thousand heads (animals),Luxembourg,2023,55.21,,
ESTAT:TAG00014(1.0),18/03/26 23:00:00,Annual,November - December,Dairy cows,Thousand heads (animals),Luxembourg,2024,54.98,,
ESTAT:TAG00014(1.0),18/03/26 23:00:00,Annual,November - December,Dairy cows,Thousand heads (animals),Luxembourg,2025,57.84,,
ESTAT:TAG00014(1.0),18/03/26 23:00:00,Annual,November - December,Dairy cows,Thousand heads (animals),Latvia,2014,165.87,,
ESTAT:TAG00014(1.0),18/03/26 23:00:00,Annual,November - December,Dairy cows,Thousand heads (animals),Latvia,2015,162.41,,
ESTAT:TAG00014(1.0),18/03/26 23:00:00,Annual,November - December,Dairy cows,Thousand heads (animals),Latvia,2016,154.02,,
ESTAT:TAG00014(1.0),18/03/26 23:00:00,Annual,November - December,Dairy cows,Thousand heads (animals),Latvia,2017,150.36,,
ESTAT:TAG00014(1.0),18/03/26 23:00:00,Annual,November - December,Dairy cows,Thousand heads (animals),Latvia,2018,144.47,,
ESTAT:TAG00014(1.0),18/03/26 23:00:00,Annual,November - December,Dairy cows,Thousand heads (animals),Latvia,2019,138.41,,
ESTAT:TAG00014(1.0),18/03/26 23:00:00,Annual,November - December,Dairy cows,Thousand heads (animals),Latvia,2020,136.04,,
ESTAT:TAG00014(1.0),18/03/26 23:00:00,Annual,November - December,Dairy cows,Thousand heads (animals),Latvia,2021,131.2,,
ESTAT:TAG00014(1.0),18/03/26 23:00:00,Annual,November - December,Dairy cows,Thousand heads (animals),Latvia,2022,127.76,,
ESTAT:TAG00014(1.0),18/03/26 23:00:00,Annual,November - December,Dairy cows,Thousand heads (animals),Latvia,2023,119.04,,
ESTAT:TAG00014(1.0),18/03/26 23:00:00,Annual,November - December,Dairy cows,Thousand heads (animals),Latvia,2024,113.04,,
ESTAT:TAG00014(1.0),18/03/26 23:00:00,Annual,November - December,Dairy cows,Thousand heads (animals),Latvia,2025,111.6,p,
ESTAT:TAG00014(1.0),18/03/26 23:00:00,Annual,November - December,Dairy cows,Thousand heads (animals),Montenegro,2014,63,,
ESTAT:TAG00014(1.0),18/03/26 23:00:00,Annual,November - December,Dairy cows,Thousand heads (animals),Montenegro,2015,63,,
ESTAT:TAG00014(1.0),18/03/26 23:00:00,Annual,November - December,Dairy cows,Thousand heads (animals),Montenegro,2016,59.6,,
ESTAT:TAG00014(1.0),18/03/26 23:00:00,Annual,November - December,Dairy cows,Thousand heads (animals),Montenegro,2017,60.4,,
ESTAT:TAG00014(1.0),18/03/26 23:00:00,Annual,November - December,Dairy cows,Thousand heads (animals),Montenegro,2018,59.5,,
ESTAT:TAG00014(1.0),18/03/26 23:00:00,Annual,November - December,Dairy cows,Thousand heads (animals),Montenegro,2019,57.2,,
ESTAT:TAG00014(1.0),18/03/26 23:00:00,Annual,November - December,Dairy cows,Thousand heads (animals),Montenegro,2020,54.17,,
ESTAT:TAG00014(1.0),18/03/26 23:00:00,Annual,November - December,Dairy cows,Thousand heads (animals),Montenegro,2021,49.17,,
ESTAT:TAG00014(1.0),18/03/26 23:00:00,Annual,November - December,Dairy cows,Thousand heads (animals),Montenegro,2022,48.12,,
ESTAT:TAG00014(1.0),18/03/26 23:00:00,Annual,November - December,Dairy cows,Thousand heads (animals),Montenegro,2023,45.59,,
ESTAT:TAG00014(1.0),18/03/26 23:00:00,Annual,November - December,Dairy cows,Thousand heads (animals),Montenegro,2024,42.55,p,
ESTAT:TAG00014(1.0),18/03/26 23:00:00,Annual,November - December,Dairy cows,Thousand heads (animals),Montenegro,2025,43.46,p,
ESTAT:TAG00014(1.0),18/03/26 23:00:00,Annual,November - December,Dairy cows,Thousand heads (animals),North Macedonia,2014,127,,
ESTAT:TAG00014(1.0),18/03/26 23:00:00,Annual,November - December,Dairy cows,Thousand heads (animals),North Macedonia,2015,124,,
ESTAT:TAG00014(1.0),18/03/26 23:00:00,Annual,November - December,Dairy cows,Thousand heads (animals),North Macedonia,2016,125,,
ESTAT:TAG00014(1.0),18/03/26 23:00:00,Annual,November - December,Dairy cows,Thousand heads (animals),North Macedonia,2017,123,,
ESTAT:TAG00014(1.0),18/03/26 23:00:00,Annual,November - December,Dairy cows,Thousand heads (animals),North Macedonia,2018,129,,
ESTAT:TAG00014(1.0),18/03/26 23:00:00,Annual,November - December,Dairy cows,Thousand heads (animals),North Macedonia,2019,111,,
ESTAT:TAG00014(1.0),18/03/26 23:00:00,Annual,November - December,Dairy cows,Thousand heads (animals),North Macedonia,2020,108,,
ESTAT:TAG00014(1.0),18/03/26 23:00:00,Annual,November - December,Dairy cows,Thousand heads (animals),North Macedonia,2021,98,,
ESTAT:TAG00014(1.0),18/03/26 23:00:00,Annual,November - December,Dairy cows,Thousand heads (animals),North Macedonia,2022,100,,
ESTAT:TAG00014(1.0),18/03/26 23:00:00,Annual,November - December,Dairy cows,Thousand heads (animals),North Macedonia,2023,69,,
ESTAT:TAG00014(1.0),18/03/26 23:00:00,Annual,November - December,Dairy cows,Thousand heads (animals),North Macedonia,2024,73,,
ESTAT:TAG00014(1.0),18/03/26 23:00:00,Annual,November - December,Dairy cows,Thousand heads (animals),North Macedonia,2025,72.62,,
ESTAT:TAG00014(1.0),18/03/26 23:00:00,Annual,November - December,Dairy cows,Thousand heads (animals),Malta,2014,6.5,,
ESTAT:TAG00014(1.0),18/03/26 23:00:00,Annual,November - December,Dairy cows,Thousand heads (animals),Malta,2015,6.37,,
ESTAT:TAG00014(1.0),18/03/26 23:00:00,Annual,November - December,Dairy cows,Thousand heads (animals),Malta,2016,6.5,,
ESTAT:TAG00014(1.0),18/03/26 23:00:00,Annual,November - December,Dairy cows,Thousand heads (animals),Malta,2017,6.14,,
ESTAT:TAG00014(1.0),18/03/26 23:00:00,Annual,November - December,Dairy cows,Thousand heads (animals),Malta,2018,6.23,,
ESTAT:TAG00014(1.0),18/03/26 23:00:00,Annual,November - December,Dairy cows,Thousand heads (animals),Malta,2019,6.12,,
ESTAT:TAG00014(1.0),18/03/26 23:00:00,Annual,November - December,Dairy cows,Thousand heads (animals),Malta,2020,6.06,,
ESTAT:TAG00014(1.0),18/03/26 23:00:00,Annual,November - December,Dairy cows,Thousand heads (animals),Malta,2021,5.87,,
ESTAT:TAG00014(1.0),18/03/26 23:00:00,Annual,November - December,Dairy cows,Thousand heads (animals),Malta,2022,6.12,,
ESTAT:TAG00014(1.0),18/03/26 23:00:00,Annual,November - December,Dairy cows,Thousand heads (animals),Malta,2023,5.93,,
ESTAT:TAG00014(1.0),18/03/26 23:00:00,Annual,November - December,Dairy cows,Thousand heads (animals),Malta,2024,5.82,,
ESTAT:TAG00014(1.0),18/03/26 23:00:00,Annual,November - December,Dairy cows,Thousand heads (animals),Malta,2025,5.51,,
ESTAT:TAG00014(1.0),18/03/26 23:00:00,Annual,November - December,Dairy cows,Thousand heads (animals),Netherlands,2014,1610,,
ESTAT:TAG00014(1.0),18/03/26 23:00:00,Annual,November - December,Dairy cows,Thousand heads (animals),Netherlands,2015,1717,,
ESTAT:TAG00014(1.0),18/03/26 23:00:00,Annual,November - December,Dairy cows,Thousand heads (animals),Netherlands,2016,1794,,
ESTAT:TAG00014(1.0),18/03/26 23:00:00,Annual,November - December,Dairy cows,Thousand heads (animals),Netherlands,2017,1665,,
ESTAT:TAG00014(1.0),18/03/26 23:00:00,Annual,November - December,Dairy cows,Thousand heads (animals),Netherlands,2018,1552,,
ESTAT:TAG00014(1.0),18/03/26 23:00:00,Annual,November - December,Dairy cows,Thousand heads (animals),Netherlands,2019,1590,,
ESTAT:TAG00014(1.0),18/03/26 23:00:00,Annual,November - December,Dairy cows,Thousand heads (animals),Netherlands,2020,1569,,
ESTAT:TAG00014(1.0),18/03/26 23:00:00,Annual,November - December,Dairy cows,Thousand heads (animals),Netherlands,2021,1554,,
ESTAT:TAG00014(1.0),18/03/26 23:00:00,Annual,November - December,Dairy cows,Thousand heads (animals),Netherlands,2022,1570,,
ESTAT:TAG00014(1.0),18/03/26 23:00:00,Annual,November - December,Dairy cows,Thousand heads (animals),Netherlands,2023,1552,,
ESTAT:TAG00014(1.0),18/03/26 23:00:00,Annual,November - December,Dairy cows,Thousand heads (animals),Netherlands,2024,1527,,
ESTAT:TAG00014(1.0),18/03/26 23:00:00,Annual,November - December,Dairy cows,Thousand heads (animals),Netherlands,2025,1518.11,,
ESTAT:TAG00014(1.0),18/03/26 23:00:00,Annual,November - December,Dairy cows,Thousand heads (animals),Poland,2014,2247.8,,
ESTAT:TAG00014(1.0),18/03/26 23:00:00,Annual,November - December,Dairy cows,Thousand heads (animals),Poland,2015,2134.1,,
ESTAT:TAG00014(1.0),18/03/26 23:00:00,Annual,November - December,Dairy cows,Thousand heads (animals),Poland,2016,2129.9,,
ESTAT:TAG00014(1.0),18/03/26 23:00:00,Annual,November - December,Dairy cows,Thousand heads (animals),Poland,2017,2152.9,,
ESTAT:TAG00014(1.0),18/03/26 23:00:00,Annual,November - December,Dairy cows,Thousand heads (animals),Poland,2018,2214.1,,
ESTAT:TAG00014(1.0),18/03/26 23:00:00,Annual,November - December,Dairy cows,Thousand heads (animals),Poland,2019,2166.9,,
ESTAT:TAG00014(1.0),18/03/26 23:00:00,Annual,November - December,Dairy cows,Thousand heads (animals),Poland,2020,2125.7,,
ESTAT:TAG00014(1.0),18/03/26 23:00:00,Annual,November - December,Dairy cows,Thousand heads (animals),Poland,2021,2035.2,,
ESTAT:TAG00014(1.0),18/03/26 23:00:00,Annual,November - December,Dairy cows,Thousand heads (animals),Poland,2022,2037.28,,
ESTAT:TAG00014(1.0),18/03/26 23:00:00,Annual,November - December,Dairy cows,Thousand heads (animals),Poland,2023,2243.33,,
ESTAT:TAG00014(1.0),18/03/26 23:00:00,Annual,November - December,Dairy cows,Thousand heads (animals),Poland,2024,1960.28,,
ESTAT:TAG00014(1.0),18/03/26 23:00:00,Annual,November - December,Dairy cows,Thousand heads (animals),Poland,2025,1945.86,p,
ESTAT:TAG00014(1.0),18/03/26 23:00:00,Annual,November - December,Dairy cows,Thousand heads (animals),Portugal,2014,233.83,,
ESTAT:TAG00014(1.0),18/03/26 23:00:00,Annual,November - December,Dairy cows,Thousand heads (animals),Portugal,2015,243.26,,
ESTAT:TAG00014(1.0),18/03/26 23:00:00,Annual,November - December,Dairy cows,Thousand heads (animals),Portugal,2016,238.91,,
ESTAT:TAG00014(1.0),18/03/26 23:00:00,Annual,November - December,Dairy cows,Thousand heads (animals),Portugal,2017,238.63,,
ESTAT:TAG00014(1.0),18/03/26 23:00:00,Annual,November - December,Dairy cows,Thousand heads (animals),Portugal,2018,235.47,,
ESTAT:TAG00014(1.0),18/03/26 23:00:00,Annual,November - December,Dairy cows,Thousand heads (animals),Portugal,2019,234.23,,
ESTAT:TAG00014(1.0),18/03/26 23:00:00,Annual,November - December,Dairy cows,Thousand heads (animals),Portugal,2020,232.75,,
ESTAT:TAG00014(1.0),18/03/26 23:00:00,Annual,November - December,Dairy cows,Thousand heads (animals),Portugal,2021,230.02,,
ESTAT:TAG00014(1.0),18/03/26 23:00:00,Annual,November - December,Dairy cows,Thousand heads (animals),Portugal,2022,221.54,,
ESTAT:TAG00014(1.0),18/03/26 23:00:00,Annual,November - December,Dairy cows,Thousand heads (animals),Portugal,2023,218.84,,
ESTAT:TAG00014(1.0),18/03/26 23:00:00,Annual,November - December,Dairy cows,Thousand heads (animals),Portugal,2024,213.5,,
ESTAT:TAG00014(1.0),18/03/26 23:00:00,Annual,November - December,Dairy cows,Thousand heads (animals),Portugal,2025,211.24,p,
ESTAT:TAG00014(1.0),18/03/26 23:00:00,Annual,November - December,Dairy cows,Thousand heads (animals),Romania,2014,1188.4,,
ESTAT:TAG00014(1.0),18/03/26 23:00:00,Annual,November - December,Dairy cows,Thousand heads (animals),Romania,2015,1190.7,,
ESTAT:TAG00014(1.0),18/03/26 23:00:00,Annual,November - December,Dairy cows,Thousand heads (animals),Romania,2016,1192.6,,
ESTAT:TAG00014(1.0),18/03/26 23:00:00,Annual,November - December,Dairy cows,Thousand heads (animals),Romania,2017,1175.4,,
ESTAT:TAG00014(1.0),18/03/26 23:00:00,Annual,November - December,Dairy cows,Thousand heads (animals),Romania,2018,1158.2,,
ESTAT:TAG00014(1.0),18/03/26 23:00:00,Annual,November - December,Dairy cows,Thousand heads (animals),Romania,2019,1138.8,,
ESTAT:TAG00014(1.0),18/03/26 23:00:00,Annual,November - December,Dairy cows,Thousand heads (animals),Romania,2020,1121.9,,
ESTAT:TAG00014(1.0),18/03/26 23:00:00,Annual,November - December,Dairy cows,Thousand heads (animals),Romania,2021,1081.9,,
ESTAT:TAG00014(1.0),18/03/26 23:00:00,Annual,November - December,Dairy cows,Thousand heads (animals),Romania,2022,1075.6,,
ESTAT:TAG00014(1.0),18/03/26 23:00:00,Annual,November - December,Dairy cows,Thousand heads (animals),Romania,2023,1056.7,,
ESTAT:TAG00014(1.0),18/03/26 23:00:00,Annual,November - December,Dairy cows,Thousand heads (animals),Romania,2024,1052,,
ESTAT:TAG00014(1.0),18/03/26 23:00:00,Annual,November - December,Dairy cows,Thousand heads (animals),Romania,2025,1042.5,p,
ESTAT:TAG00014(1.0),18/03/26 23:00:00,Annual,November - December,Dairy cows,Thousand heads (animals),Serbia,2014,437,,
ESTAT:TAG00014(1.0),18/03/26 23:00:00,Annual,November - December,Dairy cows,Thousand heads (animals),Serbia,2015,430,,
ESTAT:TAG00014(1.0),18/03/26 23:00:00,Annual,November - December,Dairy cows,Thousand heads (animals),Serbia,2016,426,,
ESTAT:TAG00014(1.0),18/03/26 23:00:00,Annual,November - December,Dairy cows,Thousand heads (animals),Serbia,2017,429,,
ESTAT:TAG00014(1.0),18/03/26 23:00:00,Annual,November - December,Dairy cows,Thousand heads (animals),Serbia,2018,423,,
ESTAT:TAG00014(1.0),18/03/26 23:00:00,Annual,November - December,Dairy cows,Thousand heads (animals),Serbia,2019,423,,
ESTAT:TAG00014(1.0),18/03/26 23:00:00,Annual,November - December,Dairy cows,Thousand heads (animals),Serbia,2020,417,,
ESTAT:TAG00014(1.0),18/03/26 23:00:00,Annual,November - December,Dairy cows,Thousand heads (animals),Serbia,2021,408,,
ESTAT:TAG00014(1.0),18/03/26 23:00:00,Annual,November - December,Dairy cows,Thousand heads (animals),Serbia,2022,374.2,,
ESTAT:TAG00014(1.0),18/03/26 23:00:00,Annual,November - December,Dairy cows,Thousand heads (animals),Serbia,2023,336,,
ESTAT:TAG00014(1.0),18/03/26 23:00:00,Annual,November - December,Dairy cows,Thousand heads (animals),Serbia,2024,308.72,,
ESTAT:TAG00014(1.0),18/03/26 23:00:00,Annual,November - December,Dairy cows,Thousand heads (animals),Serbia,2025,298.26,p,
ESTAT:TAG00014(1.0),18/03/26 23:00:00,Annual,November - December,Dairy cows,Thousand heads (animals),Sweden,2014,344.19,,
ESTAT:TAG00014(1.0),18/03/26 23:00:00,Annual,November - December,Dairy cows,Thousand heads (animals),Sweden,2015,336.8,,
ESTAT:TAG00014(1.0),18/03/26 23:00:00,Annual,November - December,Dairy cows,Thousand heads (animals),Sweden,2016,326.12,,
ESTAT:TAG00014(1.0),18/03/26 23:00:00,Annual,November - December,Dairy cows,Thousand heads (animals),Sweden,2017,323.44,,
ESTAT:TAG00014(1.0),18/03/26 23:00:00,Annual,November - December,Dairy cows,Thousand heads (animals),Sweden,2018,313.05,,
ESTAT:TAG00014(1.0),18/03/26 23:00:00,Annual,November - December,Dairy cows,Thousand heads (animals),Sweden,2019,301.38,,
ESTAT:TAG00014(1.0),18/03/26 23:00:00,Annual,November - December,Dairy cows,Thousand heads (animals),Sweden,2020,304.4,,
ESTAT:TAG00014(1.0),18/03/26 23:00:00,Annual,November - December,Dairy cows,Thousand heads (animals),Sweden,2021,299.6,,
ESTAT:TAG00014(1.0),18/03/26 23:00:00,Annual,November - December,Dairy cows,Thousand heads (animals),Sweden,2022,297.67,,
ESTAT:TAG00014(1.0),18/03/26 23:00:00,Annual,November - December,Dairy cows,Thousand heads (animals),Sweden,2023,289,,
ESTAT:TAG00014(1.0),18/03/26 23:00:00,Annual,November - December,Dairy cows,Thousand heads (animals),Sweden,2024,288.87,,
ESTAT:TAG00014(1.0),18/03/26 23:00:00,Annual,November - December,Dairy cows,Thousand heads (animals),Sweden,2025,294.26,,
ESTAT:TAG00014(1.0),18/03/26 23:00:00,Annual,November - December,Dairy cows,Thousand heads (animals),Slovenia,2014,107.84,,
ESTAT:TAG00014(1.0),18/03/26 23:00:00,Annual,November - December,Dairy cows,Thousand heads (animals),Slovenia,2015,112.84,,
ESTAT:TAG00014(1.0),18/03/26 23:00:00,Annual,November - December,Dairy cows,Thousand heads (animals),Slovenia,2016,107.84,,
ESTAT:TAG00014(1.0),18/03/26 23:00:00,Annual,November - December,Dairy cows,Thousand heads (animals),Slovenia,2017,108.83,,
ESTAT:TAG00014(1.0),18/03/26 23:00:00,Annual,November - December,Dairy cows,Thousand heads (animals),Slovenia,2018,102.71,,
ESTAT:TAG00014(1.0),18/03/26 23:00:00,Annual,November - December,Dairy cows,Thousand heads (animals),Slovenia,2019,100.84,,
ESTAT:TAG00014(1.0),18/03/26 23:00:00,Annual,November - December,Dairy cows,Thousand heads (animals),Slovenia,2020,99.21,,
ESTAT:TAG00014(1.0),18/03/26 23:00:00,Annual,November - December,Dairy cows,Thousand heads (animals),Slovenia,2021,100.92,,
ESTAT:TAG00014(1.0),18/03/26 23:00:00,Annual,November - December,Dairy cows,Thousand heads (animals),Slovenia,2022,93.25,,
ESTAT:TAG00014(1.0),18/03/26 23:00:00,Annual,November - December,Dairy cows,Thousand heads (animals),Slovenia,2023,94.69,,
ESTAT:TAG00014(1.0),18/03/26 23:00:00,Annual,November - December,Dairy cows,Thousand heads (animals),Slovenia,2024,91.97,,
ESTAT:TAG00014(1.0),18/03/26 23:00:00,Annual,November - December,Dairy cows,Thousand heads (animals),Slovenia,2025,88.82,p,
ESTAT:TAG00014(1.0),18/03/26 23:00:00,Annual,November - December,Dairy cows,Thousand heads (animals),Slovakia,2014,143.08,,
ESTAT:TAG00014(1.0),18/03/26 23:00:00,Annual,November - December,Dairy cows,Thousand heads (animals),Slovakia,2015,139.26,,
ESTAT:TAG00014(1.0),18/03/26 23:00:00,Annual,November - December,Dairy cows,Thousand heads (animals),Slovakia,2016,132.61,,
ESTAT:TAG00014(1.0),18/03/26 23:00:00,Annual,November - December,Dairy cows,Thousand heads (animals),Slovakia,2017,129.86,,
ESTAT:TAG00014(1.0),18/03/26 23:00:00,Annual,November - December,Dairy cows,Thousand heads (animals),Slovakia,2018,127.87,,
ESTAT:TAG00014(1.0),18/03/26 23:00:00,Annual,November - December,Dairy cows,Thousand heads (animals),Slovakia,2019,125.85,,
ESTAT:TAG00014(1.0),18/03/26 23:00:00,Annual,November - December,Dairy cows,Thousand heads (animals),Slovakia,2020,122.05,,
ESTAT:TAG00014(1.0),18/03/26 23:00:00,Annual,November - December,Dairy cows,Thousand heads (animals),Slovakia,2021,120.07,,
ESTAT:TAG00014(1.0),18/03/26 23:00:00,Annual,November - December,Dairy cows,Thousand heads (animals),Slovakia,2022,116.91,,
ESTAT:TAG00014(1.0),18/03/26 23:00:00,Annual,November - December,Dairy cows,Thousand heads (animals),Slovakia,2023,114.9,,
ESTAT:TAG00014(1.0),18/03/26 23:00:00,Annual,November - December,Dairy cows,Thousand heads (animals),Slovakia,2024,114.14,,
ESTAT:TAG00014(1.0),18/03/26 23:00:00,Annual,November - December,Dairy cows,Thousand heads (animals),Slovakia,2025,110.61,p,
ESTAT:TAG00014(1.0),18/03/26 23:00:00,Annual,November - December,Dairy cows,Thousand heads (animals),Türkiye,2014,5529.97,e,
ESTAT:TAG00014(1.0),18/03/26 23:00:00,Annual,November - December,Dairy cows,Thousand heads (animals),Türkiye,2015,5509.36,e,
ESTAT:TAG00014(1.0),18/03/26 23:00:00,Annual,November - December,Dairy cows,Thousand heads (animals),Türkiye,2016,5406.52,e,
ESTAT:TAG00014(1.0),18/03/26 23:00:00,Annual,November - December,Dairy cows,Thousand heads (animals),Türkiye,2017,5938.15,e,
ESTAT:TAG00014(1.0),18/03/26 23:00:00,Annual,November - December,Dairy cows,Thousand heads (animals),Türkiye,2018,6311.5,,
ESTAT:TAG00014(1.0),18/03/26 23:00:00,Annual,November - December,Dairy cows,Thousand heads (animals),Türkiye,2019,5911.45,,
ESTAT:TAG00014(1.0),18/03/26 23:00:00,Annual,November - December,Dairy cows,Thousand heads (animals),Türkiye,2020,6017.29,,
ESTAT:TAG00014(1.0),18/03/26 23:00:00,Annual,November - December,Dairy cows,Thousand heads (animals),Türkiye,2021,6111.49,,
ESTAT:TAG00014(1.0),18/03/26 23:00:00,Annual,November - December,Dairy cows,Thousand heads (animals),Türkiye,2022,5667.25,,
ESTAT:TAG00014(1.0),18/03/26 23:00:00,Annual,November - December,Dairy cows,Thousand heads (animals),Türkiye,2023,5549.15,,
ESTAT:TAG00014(1.0),18/03/26 23:00:00,Annual,November - December,Dairy cows,Thousand heads (animals),Türkiye,2024,6290.02,,
ESTAT:TAG00014(1.0),18/03/26 23:00:00,Annual,November - December,Dairy cows,Thousand heads (animals),Türkiye,2025,6454.14,,
ESTAT:TAG00014(1.0),18/03/26 23:00:00,Annual,November - December,Dairy cows,Thousand heads (animals),Ukraine,2025,1004.1,,
ESTAT:TAG00014(1.0),18/03/26 23:00:00,Annual,November - December,Dairy cows,Thousand heads (animals),United Kingdom,2014,1883,,
ESTAT:TAG00014(1.0),18/03/26 23:00:00,Annual,November - December,Dairy cows,Thousand heads (animals),United Kingdom,2015,1918,,
ESTAT:TAG00014(1.0),18/03/26 23:00:00,Annual,November - December,Dairy cows,Thousand heads (animals),United Kingdom,2016,1898,,
ESTAT:TAG00014(1.0),18/03/26 23:00:00,Annual,November - December,Dairy cows,Thousand heads (animals),United Kingdom,2017,1904,,
ESTAT:TAG00014(1.0),18/03/26 23:00:00,Annual,November - December,Dairy cows,Thousand heads (animals),United Kingdom,2018,1879,,
ESTAT:TAG00014(1.0),18/03/26 23:00:00,Annual,November - December,Dairy cows,Thousand heads (animals),United Kingdom,2019,1867,,
ESTAT:TAG00014(1.0),18/03/26 23:00:00,Annual,November - December,Dairy cows,Thousand heads (animals),Kosovo*,2014,134.56,,
ESTAT:TAG00014(1.0),18/03/26 23:00:00,Annual,November - December,Dairy cows,Thousand heads (animals),Kosovo*,2015,135.8,,
ESTAT:TAG00014(1.0),18/03/26 23:00:00,Annual,November - December,Dairy cows,Thousand heads (animals),Kosovo*,2016,136.78,,
ESTAT:TAG00014(1.0),18/03/26 23:00:00,Annual,November - December,Dairy cows,Thousand heads (animals),Kosovo*,2017,132.97,,
ESTAT:TAG00014(1.0),18/03/26 23:00:00,Annual,November - December,Dairy cows,Thousand heads (animals),Kosovo*,2018,132.97,,
ESTAT:TAG00014(1.0),18/03/26 23:00:00,Annual,November - December,Dairy cows,Thousand heads (animals),Kosovo*,2019,131.94,,
ESTAT:TAG00014(1.0),18/03/26 23:00:00,Annual,November - December,Dairy cows,Thousand heads (animals),Kosovo*,2020,133.92,,
ESTAT:TAG00014(1.0),18/03/26 23:00:00,Annual,November - December,Dairy cows,Thousand heads (animals),Kosovo*,2021,132.08,,
ESTAT:TAG00014(1.0),18/03/26 23:00:00,Annual,November - December,Dairy cows,Thousand heads (animals),Kosovo*,2022,130.49,,
ESTAT:TAG00014(1.0),18/03/26 23:00:00,Annual,November - December,Dairy cows,Thousand heads (animals),Kosovo*,2023,129.9,,
ESTAT:TAG00014(1.0),18/03/26 23:00:00,Annual,November - December,Dairy cows,Thousand heads (animals),Kosovo*,2024,126.55,,
