DATAFLOW,LAST UPDATE,freq,milkitem,dairyprod,geo,TIME_PERIOD,OBS_VALUE,OBS_FLAG,CONF_STATUS
ESTAT:TAG00039(1.0),07/10/25 23:00:00,Annual,Products obtained (1 000 t),Powder products,Albania,2014,0.00,,
ESTAT:TAG00039(1.0),07/10/25 23:00:00,Annual,Products obtained (1 000 t),Powder products,Albania,2015,0.00,p,
ESTAT:TAG00039(1.0),07/10/25 23:00:00,Annual,Products obtained (1 000 t),Powder products,Albania,2016,0.00,p,
ESTAT:TAG00039(1.0),07/10/25 23:00:00,Annual,Products obtained (1 000 t),Powder products,Albania,2017,0.00,,
ESTAT:TAG00039(1.0),07/10/25 23:00:00,Annual,Products obtained (1 000 t),Powder products,Albania,2018,0.00,,
ESTAT:TAG00039(1.0),07/10/25 23:00:00,Annual,Products obtained (1 000 t),Powder products,Albania,2019,0.00,,
ESTAT:TAG00039(1.0),07/10/25 23:00:00,Annual,Products obtained (1 000 t),Powder products,Albania,2020,0.00,,
ESTAT:TAG00039(1.0),07/10/25 23:00:00,Annual,Products obtained (1 000 t),Powder products,Albania,2021,0.00,,
ESTAT:TAG00039(1.0),07/10/25 23:00:00,Annual,Products obtained (1 000 t),Powder products,Albania,2022,0.00,,
ESTAT:TAG00039(1.0),07/10/25 23:00:00,Annual,Products obtained (1 000 t),Powder products,Albania,2023,0.00,,
ESTAT:TAG00039(1.0),07/10/25 23:00:00,Annual,Products obtained (1 000 t),Powder products,Albania,2024,0.00,,
ESTAT:TAG00039(1.0),07/10/25 23:00:00,Annual,Products obtained (1 000 t),Powder products,Austria,2013,4.84,,
ESTAT:TAG00039(1.0),07/10/25 23:00:00,Annual,Products obtained (1 000 t),Powder products,Austria,2014,10.25,,
ESTAT:TAG00039(1.0),07/10/25 23:00:00,Annual,Products obtained (1 000 t),Powder products,Austria,2015,10.97,,
ESTAT:TAG00039(1.0),07/10/25 23:00:00,Annual,Products obtained (1 000 t),Powder products,Austria,2016,12.16,,
ESTAT:TAG00039(1.0),07/10/25 23:00:00,Annual,Products obtained (1 000 t),Powder products,Austria,2017,8.81,,
ESTAT:TAG00039(1.0),07/10/25 23:00:00,Annual,Products obtained (1 000 t),Powder products,Austria,2018,,,C
ESTAT:TAG00039(1.0),07/10/25 23:00:00,Annual,Products obtained (1 000 t),Powder products,Austria,2019,,,C
ESTAT:TAG00039(1.0),07/10/25 23:00:00,Annual,Products obtained (1 000 t),Powder products,Austria,2020,,,C
ESTAT:TAG00039(1.0),07/10/25 23:00:00,Annual,Products obtained (1 000 t),Powder products,Austria,2021,,,C
ESTAT:TAG00039(1.0),07/10/25 23:00:00,Annual,Products obtained (1 000 t),Powder products,Austria,2022,8.57,,
ESTAT:TAG00039(1.0),07/10/25 23:00:00,Annual,Products obtained (1 000 t),Powder products,Austria,2023,7.18,,
ESTAT:TAG00039(1.0),07/10/25 23:00:00,Annual,Products obtained (1 000 t),Powder products,Austria,2024,6.60,,
ESTAT:TAG00039(1.0),07/10/25 23:00:00,Annual,Products obtained (1 000 t),Powder products,Belgium,2013,165.48,,
ESTAT:TAG00039(1.0),07/10/25 23:00:00,Annual,Products obtained (1 000 t),Powder products,Belgium,2014,200.12,,
ESTAT:TAG00039(1.0),07/10/25 23:00:00,Annual,Products obtained (1 000 t),Powder products,Belgium,2015,205.76,,
ESTAT:TAG00039(1.0),07/10/25 23:00:00,Annual,Products obtained (1 000 t),Powder products,Belgium,2016,208.15,,
ESTAT:TAG00039(1.0),07/10/25 23:00:00,Annual,Products obtained (1 000 t),Powder products,Belgium,2017,227.02,,
ESTAT:TAG00039(1.0),07/10/25 23:00:00,Annual,Products obtained (1 000 t),Powder products,Belgium,2018,248.66,,
ESTAT:TAG00039(1.0),07/10/25 23:00:00,Annual,Products obtained (1 000 t),Powder products,Belgium,2019,244.60,,
ESTAT:TAG00039(1.0),07/10/25 23:00:00,Annual,Products obtained (1 000 t),Powder products,Belgium,2020,251.01,,
ESTAT:TAG00039(1.0),07/10/25 23:00:00,Annual,Products obtained (1 000 t),Powder products,Belgium,2021,218.32,,
ESTAT:TAG00039(1.0),07/10/25 23:00:00,Annual,Products obtained (1 000 t),Powder products,Belgium,2022,247.97,,
ESTAT:TAG00039(1.0),07/10/25 23:00:00,Annual,Products obtained (1 000 t),Powder products,Belgium,2023,240.90,,
ESTAT:TAG00039(1.0),07/10/25 23:00:00,Annual,Products obtained (1 000 t),Powder products,Belgium,2024,216.30,,
ESTAT:TAG00039(1.0),07/10/25 23:00:00,Annual,Products obtained (1 000 t),Powder products,Bulgaria,2013,0.00,n,
ESTAT:TAG00039(1.0),07/10/25 23:00:00,Annual,Products obtained (1 000 t),Powder products,Bulgaria,2014,0.00,,
ESTAT:TAG00039(1.0),07/10/25 23:00:00,Annual,Products obtained (1 000 t),Powder products,Bulgaria,2015,,,C
ESTAT:TAG00039(1.0),07/10/25 23:00:00,Annual,Products obtained (1 000 t),Powder products,Bulgaria,2016,0.00,,
ESTAT:TAG00039(1.0),07/10/25 23:00:00,Annual,Products obtained (1 000 t),Powder products,Bulgaria,2017,0.00,,
ESTAT:TAG00039(1.0),07/10/25 23:00:00,Annual,Products obtained (1 000 t),Powder products,Bulgaria,2018,0.00,,
ESTAT:TAG00039(1.0),07/10/25 23:00:00,Annual,Products obtained (1 000 t),Powder products,Bulgaria,2019,0.00,,
ESTAT:TAG00039(1.0),07/10/25 23:00:00,Annual,Products obtained (1 000 t),Powder products,Bulgaria,2020,0.00,,
ESTAT:TAG00039(1.0),07/10/25 23:00:00,Annual,Products obtained (1 000 t),Powder products,Bulgaria,2021,0.00,,
ESTAT:TAG00039(1.0),07/10/25 23:00:00,Annual,Products obtained (1 000 t),Powder products,Bulgaria,2022,0.00,,
ESTAT:TAG00039(1.0),07/10/25 23:00:00,Annual,Products obtained (1 000 t),Powder products,Bulgaria,2023,0.00,,
ESTAT:TAG00039(1.0),07/10/25 23:00:00,Annual,Products obtained (1 000 t),Powder products,Bulgaria,2024,0.00,,
ESTAT:TAG00039(1.0),07/10/25 23:00:00,Annual,Products obtained (1 000 t),Powder products,Switzerland,2013,89.90,,
ESTAT:TAG00039(1.0),07/10/25 23:00:00,Annual,Products obtained (1 000 t),Powder products,Switzerland,2014,98.76,,
ESTAT:TAG00039(1.0),07/10/25 23:00:00,Annual,Products obtained (1 000 t),Powder products,Switzerland,2015,95.52,,
ESTAT:TAG00039(1.0),07/10/25 23:00:00,Annual,Products obtained (1 000 t),Powder products,Switzerland,2016,103.19,,
ESTAT:TAG00039(1.0),07/10/25 23:00:00,Annual,Products obtained (1 000 t),Powder products,Switzerland,2017,101.02,,
ESTAT:TAG00039(1.0),07/10/25 23:00:00,Annual,Products obtained (1 000 t),Powder products,Switzerland,2018,103.65,,
ESTAT:TAG00039(1.0),07/10/25 23:00:00,Annual,Products obtained (1 000 t),Powder products,Switzerland,2019,94.60,,
ESTAT:TAG00039(1.0),07/10/25 23:00:00,Annual,Products obtained (1 000 t),Powder products,Switzerland,2020,75.87,,
ESTAT:TAG00039(1.0),07/10/25 23:00:00,Annual,Products obtained (1 000 t),Powder products,Switzerland,2021,83.63,,
ESTAT:TAG00039(1.0),07/10/25 23:00:00,Annual,Products obtained (1 000 t),Powder products,Switzerland,2022,85.36,b,
ESTAT:TAG00039(1.0),07/10/25 23:00:00,Annual,Products obtained (1 000 t),Powder products,Switzerland,2023,96.67,,
ESTAT:TAG00039(1.0),07/10/25 23:00:00,Annual,Products obtained (1 000 t),Powder products,Switzerland,2024,73.39,,
ESTAT:TAG00039(1.0),07/10/25 23:00:00,Annual,Products obtained (1 000 t),Powder products,Cyprus,2013,0.00,,
ESTAT:TAG00039(1.0),07/10/25 23:00:00,Annual,Products obtained (1 000 t),Powder products,Cyprus,2014,0.00,n,
ESTAT:TAG00039(1.0),07/10/25 23:00:00,Annual,Products obtained (1 000 t),Powder products,Cyprus,2015,0.00,,
ESTAT:TAG00039(1.0),07/10/25 23:00:00,Annual,Products obtained (1 000 t),Powder products,Cyprus,2016,0.00,,
ESTAT:TAG00039(1.0),07/10/25 23:00:00,Annual,Products obtained (1 000 t),Powder products,Cyprus,2017,0.00,,
ESTAT:TAG00039(1.0),07/10/25 23:00:00,Annual,Products obtained (1 000 t),Powder products,Cyprus,2018,0.00,,
ESTAT:TAG00039(1.0),07/10/25 23:00:00,Annual,Products obtained (1 000 t),Powder products,Cyprus,2019,0.00,,
ESTAT:TAG00039(1.0),07/10/25 23:00:00,Annual,Products obtained (1 000 t),Powder products,Cyprus,2020,0.00,,
ESTAT:TAG00039(1.0),07/10/25 23:00:00,Annual,Products obtained (1 000 t),Powder products,Cyprus,2021,0.00,,
ESTAT:TAG00039(1.0),07/10/25 23:00:00,Annual,Products obtained (1 000 t),Powder products,Cyprus,2022,0.00,,
ESTAT:TAG00039(1.0),07/10/25 23:00:00,Annual,Products obtained (1 000 t),Powder products,Cyprus,2023,0.00,,
ESTAT:TAG00039(1.0),07/10/25 23:00:00,Annual,Products obtained (1 000 t),Powder products,Cyprus,2024,0.00,,
ESTAT:TAG00039(1.0),07/10/25 23:00:00,Annual,Products obtained (1 000 t),Powder products,Czechia,2013,30.69,,
ESTAT:TAG00039(1.0),07/10/25 23:00:00,Annual,Products obtained (1 000 t),Powder products,Czechia,2014,38.63,,
ESTAT:TAG00039(1.0),07/10/25 23:00:00,Annual,Products obtained (1 000 t),Powder products,Czechia,2015,36.49,,
ESTAT:TAG00039(1.0),07/10/25 23:00:00,Annual,Products obtained (1 000 t),Powder products,Czechia,2016,38.74,,
ESTAT:TAG00039(1.0),07/10/25 23:00:00,Annual,Products obtained (1 000 t),Powder products,Czechia,2017,34.27,,
ESTAT:TAG00039(1.0),07/10/25 23:00:00,Annual,Products obtained (1 000 t),Powder products,Czechia,2018,33.11,,
ESTAT:TAG00039(1.0),07/10/25 23:00:00,Annual,Products obtained (1 000 t),Powder products,Czechia,2019,28.13,,
ESTAT:TAG00039(1.0),07/10/25 23:00:00,Annual,Products obtained (1 000 t),Powder products,Czechia,2020,29.38,,
ESTAT:TAG00039(1.0),07/10/25 23:00:00,Annual,Products obtained (1 000 t),Powder products,Czechia,2021,29.68,,
ESTAT:TAG00039(1.0),07/10/25 23:00:00,Annual,Products obtained (1 000 t),Powder products,Czechia,2022,28.06,,
ESTAT:TAG00039(1.0),07/10/25 23:00:00,Annual,Products obtained (1 000 t),Powder products,Czechia,2023,26.58,,
ESTAT:TAG00039(1.0),07/10/25 23:00:00,Annual,Products obtained (1 000 t),Powder products,Czechia,2024,23.48,,
ESTAT:TAG00039(1.0),07/10/25 23:00:00,Annual,Products obtained (1 000 t),Powder products,Germany,2013,530.93,,
ESTAT:TAG00039(1.0),07/10/25 23:00:00,Annual,Products obtained (1 000 t),Powder products,Germany,2014,579.75,,
ESTAT:TAG00039(1.0),07/10/25 23:00:00,Annual,Products obtained (1 000 t),Powder products,Germany,2015,675.73,,
ESTAT:TAG00039(1.0),07/10/25 23:00:00,Annual,Products obtained (1 000 t),Powder products,Germany,2016,693.69,,
ESTAT:TAG00039(1.0),07/10/25 23:00:00,Annual,Products obtained (1 000 t),Powder products,Germany,2017,708.00,,
ESTAT:TAG00039(1.0),07/10/25 23:00:00,Annual,Products obtained (1 000 t),Powder products,Germany,2018,713.91,,
ESTAT:TAG00039(1.0),07/10/25 23:00:00,Annual,Products obtained (1 000 t),Powder products,Germany,2019,707.61,,
ESTAT:TAG00039(1.0),07/10/25 23:00:00,Annual,Products obtained (1 000 t),Powder products,Germany,2020,725.01,,
ESTAT:TAG00039(1.0),07/10/25 23:00:00,Annual,Products obtained (1 000 t),Powder products,Germany,2021,666.39,,
ESTAT:TAG00039(1.0),07/10/25 23:00:00,Annual,Products obtained (1 000 t),Powder products,Germany,2022,684.64,,
ESTAT:TAG00039(1.0),07/10/25 23:00:00,Annual,Products obtained (1 000 t),Powder products,Germany,2023,676.78,,
ESTAT:TAG00039(1.0),07/10/25 23:00:00,Annual,Products obtained (1 000 t),Powder products,Germany,2024,659.57,,
ESTAT:TAG00039(1.0),07/10/25 23:00:00,Annual,Products obtained (1 000 t),Powder products,Denmark,2013,138.40,,
ESTAT:TAG00039(1.0),07/10/25 23:00:00,Annual,Products obtained (1 000 t),Powder products,Denmark,2014,129.20,,
ESTAT:TAG00039(1.0),07/10/25 23:00:00,Annual,Products obtained (1 000 t),Powder products,Denmark,2015,123.40,,
ESTAT:TAG00039(1.0),07/10/25 23:00:00,Annual,Products obtained (1 000 t),Powder products,Denmark,2016,132.80,,
ESTAT:TAG00039(1.0),07/10/25 23:00:00,Annual,Products obtained (1 000 t),Powder products,Denmark,2017,135.50,,
ESTAT:TAG00039(1.0),07/10/25 23:00:00,Annual,Products obtained (1 000 t),Powder products,Denmark,2018,133.00,,
ESTAT:TAG00039(1.0),07/10/25 23:00:00,Annual,Products obtained (1 000 t),Powder products,Denmark,2019,133.00,,
ESTAT:TAG00039(1.0),07/10/25 23:00:00,Annual,Products obtained (1 000 t),Powder products,Denmark,2020,120.80,,
ESTAT:TAG00039(1.0),07/10/25 23:00:00,Annual,Products obtained (1 000 t),Powder products,Denmark,2021,116.30,,
ESTAT:TAG00039(1.0),07/10/25 23:00:00,Annual,Products obtained (1 000 t),Powder products,Denmark,2022,102.80,,
ESTAT:TAG00039(1.0),07/10/25 23:00:00,Annual,Products obtained (1 000 t),Powder products,Denmark,2023,87.40,,
ESTAT:TAG00039(1.0),07/10/25 23:00:00,Annual,Products obtained (1 000 t),Powder products,Denmark,2024,84.00,,
ESTAT:TAG00039(1.0),07/10/25 23:00:00,Annual,Products obtained (1 000 t),Powder products,Estonia,2013,2.37,,
ESTAT:TAG00039(1.0),07/10/25 23:00:00,Annual,Products obtained (1 000 t),Powder products,Estonia,2014,5.98,,
ESTAT:TAG00039(1.0),07/10/25 23:00:00,Annual,Products obtained (1 000 t),Powder products,Estonia,2015,3.80,,
ESTAT:TAG00039(1.0),07/10/25 23:00:00,Annual,Products obtained (1 000 t),Powder products,Estonia,2016,2.04,,
ESTAT:TAG00039(1.0),07/10/25 23:00:00,Annual,Products obtained (1 000 t),Powder products,Estonia,2017,2.93,,
ESTAT:TAG00039(1.0),07/10/25 23:00:00,Annual,Products obtained (1 000 t),Powder products,Estonia,2018,,,C
ESTAT:TAG00039(1.0),07/10/25 23:00:00,Annual,Products obtained (1 000 t),Powder products,Estonia,2019,10.37,,
ESTAT:TAG00039(1.0),07/10/25 23:00:00,Annual,Products obtained (1 000 t),Powder products,Estonia,2020,,,C
ESTAT:TAG00039(1.0),07/10/25 23:00:00,Annual,Products obtained (1 000 t),Powder products,Estonia,2021,,,C
ESTAT:TAG00039(1.0),07/10/25 23:00:00,Annual,Products obtained (1 000 t),Powder products,Estonia,2022,6.66,,
ESTAT:TAG00039(1.0),07/10/25 23:00:00,Annual,Products obtained (1 000 t),Powder products,Estonia,2023,,,C
ESTAT:TAG00039(1.0),07/10/25 23:00:00,Annual,Products obtained (1 000 t),Powder products,Estonia,2024,,,C
ESTAT:TAG00039(1.0),07/10/25 23:00:00,Annual,Products obtained (1 000 t),Powder products,Greece,2013,,,C
ESTAT:TAG00039(1.0),07/10/25 23:00:00,Annual,Products obtained (1 000 t),Powder products,Greece,2014,0.00,n,
ESTAT:TAG00039(1.0),07/10/25 23:00:00,Annual,Products obtained (1 000 t),Powder products,Greece,2015,0.00,,
ESTAT:TAG00039(1.0),07/10/25 23:00:00,Annual,Products obtained (1 000 t),Powder products,Greece,2016,0.00,,
ESTAT:TAG00039(1.0),07/10/25 23:00:00,Annual,Products obtained (1 000 t),Powder products,Greece,2017,0.00,,
ESTAT:TAG00039(1.0),07/10/25 23:00:00,Annual,Products obtained (1 000 t),Powder products,Greece,2018,0.00,,
ESTAT:TAG00039(1.0),07/10/25 23:00:00,Annual,Products obtained (1 000 t),Powder products,Greece,2019,0.00,,
ESTAT:TAG00039(1.0),07/10/25 23:00:00,Annual,Products obtained (1 000 t),Powder products,Greece,2020,0.00,,
ESTAT:TAG00039(1.0),07/10/25 23:00:00,Annual,Products obtained (1 000 t),Powder products,Greece,2021,0.00,,
ESTAT:TAG00039(1.0),07/10/25 23:00:00,Annual,Products obtained (1 000 t),Powder products,Greece,2022,0.00,,
ESTAT:TAG00039(1.0),07/10/25 23:00:00,Annual,Products obtained (1 000 t),Powder products,Greece,2023,0.00,,
ESTAT:TAG00039(1.0),07/10/25 23:00:00,Annual,Products obtained (1 000 t),Powder products,Greece,2024,0.00,,
ESTAT:TAG00039(1.0),07/10/25 23:00:00,Annual,Products obtained (1 000 t),Powder products,Spain,2013,24.10,p,
ESTAT:TAG00039(1.0),07/10/25 23:00:00,Annual,Products obtained (1 000 t),Powder products,Spain,2014,40.07,p,
ESTAT:TAG00039(1.0),07/10/25 23:00:00,Annual,Products obtained (1 000 t),Powder products,Spain,2015,47.82,,
ESTAT:TAG00039(1.0),07/10/25 23:00:00,Annual,Products obtained (1 000 t),Powder products,Spain,2016,45.03,p,
ESTAT:TAG00039(1.0),07/10/25 23:00:00,Annual,Products obtained (1 000 t),Powder products,Spain,2017,42.06,p,
ESTAT:TAG00039(1.0),07/10/25 23:00:00,Annual,Products obtained (1 000 t),Powder products,Spain,2018,45.63,p,
ESTAT:TAG00039(1.0),07/10/25 23:00:00,Annual,Products obtained (1 000 t),Powder products,Spain,2019,44.89,,
ESTAT:TAG00039(1.0),07/10/25 23:00:00,Annual,Products obtained (1 000 t),Powder products,Spain,2020,54.69,,
ESTAT:TAG00039(1.0),07/10/25 23:00:00,Annual,Products obtained (1 000 t),Powder products,Spain,2021,54.19,,
ESTAT:TAG00039(1.0),07/10/25 23:00:00,Annual,Products obtained (1 000 t),Powder products,Spain,2022,60.33,,
ESTAT:TAG00039(1.0),07/10/25 23:00:00,Annual,Products obtained (1 000 t),Powder products,Spain,2023,61.65,,
ESTAT:TAG00039(1.0),07/10/25 23:00:00,Annual,Products obtained (1 000 t),Powder products,Spain,2024,62.11,e,
ESTAT:TAG00039(1.0),07/10/25 23:00:00,Annual,Products obtained (1 000 t),Powder products,European Union - 27 countries (from 2020),2013,,,C
ESTAT:TAG00039(1.0),07/10/25 23:00:00,Annual,Products obtained (1 000 t),Powder products,European Union - 27 countries (from 2020),2014,,,C
ESTAT:TAG00039(1.0),07/10/25 23:00:00,Annual,Products obtained (1 000 t),Powder products,European Union - 27 countries (from 2020),2015,,,C
ESTAT:TAG00039(1.0),07/10/25 23:00:00,Annual,Products obtained (1 000 t),Powder products,European Union - 27 countries (from 2020),2016,,,C
ESTAT:TAG00039(1.0),07/10/25 23:00:00,Annual,Products obtained (1 000 t),Powder products,European Union - 27 countries (from 2020),2017,,,C
ESTAT:TAG00039(1.0),07/10/25 23:00:00,Annual,Products obtained (1 000 t),Powder products,European Union - 27 countries (from 2020),2018,2906,,
ESTAT:TAG00039(1.0),07/10/25 23:00:00,Annual,Products obtained (1 000 t),Powder products,European Union - 27 countries (from 2020),2019,,,C
ESTAT:TAG00039(1.0),07/10/25 23:00:00,Annual,Products obtained (1 000 t),Powder products,European Union - 27 countries (from 2020),2020,3055.66,,
ESTAT:TAG00039(1.0),07/10/25 23:00:00,Annual,Products obtained (1 000 t),Powder products,European Union - 27 countries (from 2020),2021,2890.69,,
ESTAT:TAG00039(1.0),07/10/25 23:00:00,Annual,Products obtained (1 000 t),Powder products,European Union - 27 countries (from 2020),2022,,,C
ESTAT:TAG00039(1.0),07/10/25 23:00:00,Annual,Products obtained (1 000 t),Powder products,European Union - 27 countries (from 2020),2023,,,C
ESTAT:TAG00039(1.0),07/10/25 23:00:00,Annual,Products obtained (1 000 t),Powder products,European Union - 27 countries (from 2020),2024,,,C
ESTAT:TAG00039(1.0),07/10/25 23:00:00,Annual,Products obtained (1 000 t),Powder products,Finland,2013,,,C
ESTAT:TAG00039(1.0),07/10/25 23:00:00,Annual,Products obtained (1 000 t),Powder products,Finland,2014,,,C
ESTAT:TAG00039(1.0),07/10/25 23:00:00,Annual,Products obtained (1 000 t),Powder products,Finland,2015,,,C
ESTAT:TAG00039(1.0),07/10/25 23:00:00,Annual,Products obtained (1 000 t),Powder products,Finland,2016,,,C
ESTAT:TAG00039(1.0),07/10/25 23:00:00,Annual,Products obtained (1 000 t),Powder products,Finland,2017,,,C
ESTAT:TAG00039(1.0),07/10/25 23:00:00,Annual,Products obtained (1 000 t),Powder products,Finland,2018,,,C
ESTAT:TAG00039(1.0),07/10/25 23:00:00,Annual,Products obtained (1 000 t),Powder products,Finland,2019,,,C
ESTAT:TAG00039(1.0),07/10/25 23:00:00,Annual,Products obtained (1 000 t),Powder products,Finland,2020,,,C
ESTAT:TAG00039(1.0),07/10/25 23:00:00,Annual,Products obtained (1 000 t),Powder products,Finland,2021,,,C
ESTAT:TAG00039(1.0),07/10/25 23:00:00,Annual,Products obtained (1 000 t),Powder products,Finland,2022,,,C
ESTAT:TAG00039(1.0),07/10/25 23:00:00,Annual,Products obtained (1 000 t),Powder products,Finland,2023,,,C
ESTAT:TAG00039(1.0),07/10/25 23:00:00,Annual,Products obtained (1 000 t),Powder products,Finland,2024,,,C
ESTAT:TAG00039(1.0),07/10/25 23:00:00,Annual,Products obtained (1 000 t),Powder products,France,2013,406.91,,
ESTAT:TAG00039(1.0),07/10/25 23:00:00,Annual,Products obtained (1 000 t),Powder products,France,2014,529.05,,
ESTAT:TAG00039(1.0),07/10/25 23:00:00,Annual,Products obtained (1 000 t),Powder products,France,2015,531.98,,
ESTAT:TAG00039(1.0),07/10/25 23:00:00,Annual,Products obtained (1 000 t),Powder products,France,2016,516.27,,
ESTAT:TAG00039(1.0),07/10/25 23:00:00,Annual,Products obtained (1 000 t),Powder products,France,2017,504.57,,
ESTAT:TAG00039(1.0),07/10/25 23:00:00,Annual,Products obtained (1 000 t),Powder products,France,2018,451.82,,
ESTAT:TAG00039(1.0),07/10/25 23:00:00,Annual,Products obtained (1 000 t),Powder products,France,2019,470.06,,
ESTAT:TAG00039(1.0),07/10/25 23:00:00,Annual,Products obtained (1 000 t),Powder products,France,2020,486.48,,
ESTAT:TAG00039(1.0),07/10/25 23:00:00,Annual,Products obtained (1 000 t),Powder products,France,2021,466.84,,
ESTAT:TAG00039(1.0),07/10/25 23:00:00,Annual,Products obtained (1 000 t),Powder products,France,2022,447.71,,
ESTAT:TAG00039(1.0),07/10/25 23:00:00,Annual,Products obtained (1 000 t),Powder products,France,2023,433.69,,
ESTAT:TAG00039(1.0),07/10/25 23:00:00,Annual,Products obtained (1 000 t),Powder products,France,2024,439.67,p,
ESTAT:TAG00039(1.0),07/10/25 23:00:00,Annual,Products obtained (1 000 t),Powder products,Croatia,2013,,,C
ESTAT:TAG00039(1.0),07/10/25 23:00:00,Annual,Products obtained (1 000 t),Powder products,Croatia,2014,,,C
ESTAT:TAG00039(1.0),07/10/25 23:00:00,Annual,Products obtained (1 000 t),Powder products,Croatia,2015,,,C
ESTAT:TAG00039(1.0),07/10/25 23:00:00,Annual,Products obtained (1 000 t),Powder products,Croatia,2016,,,C
ESTAT:TAG00039(1.0),07/10/25 23:00:00,Annual,Products obtained (1 000 t),Powder products,Croatia,2017,,,C
ESTAT:TAG00039(1.0),07/10/25 23:00:00,Annual,Products obtained (1 000 t),Powder products,Croatia,2018,,,C
ESTAT:TAG00039(1.0),07/10/25 23:00:00,Annual,Products obtained (1 000 t),Powder products,Croatia,2019,,,C
ESTAT:TAG00039(1.0),07/10/25 23:00:00,Annual,Products obtained (1 000 t),Powder products,Croatia,2020,,,C
ESTAT:TAG00039(1.0),07/10/25 23:00:00,Annual,Products obtained (1 000 t),Powder products,Croatia,2021,,,C
ESTAT:TAG00039(1.0),07/10/25 23:00:00,Annual,Products obtained (1 000 t),Powder products,Croatia,2022,,,C
ESTAT:TAG00039(1.0),07/10/25 23:00:00,Annual,Products obtained (1 000 t),Powder products,Croatia,2023,,,C
ESTAT:TAG00039(1.0),07/10/25 23:00:00,Annual,Products obtained (1 000 t),Powder products,Croatia,2024,,,C
ESTAT:TAG00039(1.0),07/10/25 23:00:00,Annual,Products obtained (1 000 t),Powder products,Hungary,2013,,,C
ESTAT:TAG00039(1.0),07/10/25 23:00:00,Annual,Products obtained (1 000 t),Powder products,Hungary,2014,,,C
ESTAT:TAG00039(1.0),07/10/25 23:00:00,Annual,Products obtained (1 000 t),Powder products,Hungary,2015,,,C
ESTAT:TAG00039(1.0),07/10/25 23:00:00,Annual,Products obtained (1 000 t),Powder products,Hungary,2016,,,C
ESTAT:TAG00039(1.0),07/10/25 23:00:00,Annual,Products obtained (1 000 t),Powder products,Hungary,2017,,,C
ESTAT:TAG00039(1.0),07/10/25 23:00:00,Annual,Products obtained (1 000 t),Powder products,Hungary,2018,,,C
ESTAT:TAG00039(1.0),07/10/25 23:00:00,Annual,Products obtained (1 000 t),Powder products,Hungary,2019,,,C
ESTAT:TAG00039(1.0),07/10/25 23:00:00,Annual,Products obtained (1 000 t),Powder products,Hungary,2020,,,C
ESTAT:TAG00039(1.0),07/10/25 23:00:00,Annual,Products obtained (1 000 t),Powder products,Hungary,2021,,,C
ESTAT:TAG00039(1.0),07/10/25 23:00:00,Annual,Products obtained (1 000 t),Powder products,Hungary,2022,,,C
ESTAT:TAG00039(1.0),07/10/25 23:00:00,Annual,Products obtained (1 000 t),Powder products,Hungary,2023,,,C
ESTAT:TAG00039(1.0),07/10/25 23:00:00,Annual,Products obtained (1 000 t),Powder products,Hungary,2024,,,C
ESTAT:TAG00039(1.0),07/10/25 23:00:00,Annual,Products obtained (1 000 t),Powder products,Ireland,2013,97.50,,
ESTAT:TAG00039(1.0),07/10/25 23:00:00,Annual,Products obtained (1 000 t),Powder products,Ireland,2014,,,C
ESTAT:TAG00039(1.0),07/10/25 23:00:00,Annual,Products obtained (1 000 t),Powder products,Ireland,2015,,,C
ESTAT:TAG00039(1.0),07/10/25 23:00:00,Annual,Products obtained (1 000 t),Powder products,Ireland,2016,393.30,,
ESTAT:TAG00039(1.0),07/10/25 23:00:00,Annual,Products obtained (1 000 t),Powder products,Ireland,2017,442.90,,
ESTAT:TAG00039(1.0),07/10/25 23:00:00,Annual,Products obtained (1 000 t),Powder products,Ireland,2018,463.00,,
ESTAT:TAG00039(1.0),07/10/25 23:00:00,Annual,Products obtained (1 000 t),Powder products,Ireland,2019,497.80,,
ESTAT:TAG00039(1.0),07/10/25 23:00:00,Annual,Products obtained (1 000 t),Powder products,Ireland,2020,522.70,,
ESTAT:TAG00039(1.0),07/10/25 23:00:00,Annual,Products obtained (1 000 t),Powder products,Ireland,2021,516.20,,
ESTAT:TAG00039(1.0),07/10/25 23:00:00,Annual,Products obtained (1 000 t),Powder products,Ireland,2022,600.90,,
ESTAT:TAG00039(1.0),07/10/25 23:00:00,Annual,Products obtained (1 000 t),Powder products,Ireland,2023,528.40,,
ESTAT:TAG00039(1.0),07/10/25 23:00:00,Annual,Products obtained (1 000 t),Powder products,Ireland,2024,,,C
ESTAT:TAG00039(1.0),07/10/25 23:00:00,Annual,Products obtained (1 000 t),Powder products,Italy,2013,,,C
ESTAT:TAG00039(1.0),07/10/25 23:00:00,Annual,Products obtained (1 000 t),Powder products,Italy,2014,,,C
ESTAT:TAG00039(1.0),07/10/25 23:00:00,Annual,Products obtained (1 000 t),Powder products,Italy,2015,,,C
ESTAT:TAG00039(1.0),07/10/25 23:00:00,Annual,Products obtained (1 000 t),Powder products,Italy,2016,,,C
ESTAT:TAG00039(1.0),07/10/25 23:00:00,Annual,Products obtained (1 000 t),Powder products,Italy,2017,,,C
ESTAT:TAG00039(1.0),07/10/25 23:00:00,Annual,Products obtained (1 000 t),Powder products,Italy,2018,,,C
ESTAT:TAG00039(1.0),07/10/25 23:00:00,Annual,Products obtained (1 000 t),Powder products,Italy,2019,25.76,,
ESTAT:TAG00039(1.0),07/10/25 23:00:00,Annual,Products obtained (1 000 t),Powder products,Italy,2020,,,C
ESTAT:TAG00039(1.0),07/10/25 23:00:00,Annual,Products obtained (1 000 t),Powder products,Italy,2021,,,C
ESTAT:TAG00039(1.0),07/10/25 23:00:00,Annual,Products obtained (1 000 t),Powder products,Italy,2022,34.88,,
ESTAT:TAG00039(1.0),07/10/25 23:00:00,Annual,Products obtained (1 000 t),Powder products,Italy,2023,35.41,,
ESTAT:TAG00039(1.0),07/10/25 23:00:00,Annual,Products obtained (1 000 t),Powder products,Italy,2024,35.57,,
ESTAT:TAG00039(1.0),07/10/25 23:00:00,Annual,Products obtained (1 000 t),Powder products,Lithuania,2013,23.15,,
ESTAT:TAG00039(1.0),07/10/25 23:00:00,Annual,Products obtained (1 000 t),Powder products,Lithuania,2014,33.11,,
ESTAT:TAG00039(1.0),07/10/25 23:00:00,Annual,Products obtained (1 000 t),Powder products,Lithuania,2015,30.86,,
ESTAT:TAG00039(1.0),07/10/25 23:00:00,Annual,Products obtained (1 000 t),Powder products,Lithuania,2016,36.22,,
ESTAT:TAG00039(1.0),07/10/25 23:00:00,Annual,Products obtained (1 000 t),Powder products,Lithuania,2017,29.25,,
ESTAT:TAG00039(1.0),07/10/25 23:00:00,Annual,Products obtained (1 000 t),Powder products,Lithuania,2018,29.80,,
ESTAT:TAG00039(1.0),07/10/25 23:00:00,Annual,Products obtained (1 000 t),Powder products,Lithuania,2019,36.04,,
ESTAT:TAG00039(1.0),07/10/25 23:00:00,Annual,Products obtained (1 000 t),Powder products,Lithuania,2020,33.99,,
ESTAT:TAG00039(1.0),07/10/25 23:00:00,Annual,Products obtained (1 000 t),Powder products,Lithuania,2021,32.72,,
ESTAT:TAG00039(1.0),07/10/25 23:00:00,Annual,Products obtained (1 000 t),Powder products,Lithuania,2022,35.68,,
ESTAT:TAG00039(1.0),07/10/25 23:00:00,Annual,Products obtained (1 000 t),Powder products,Lithuania,2023,36.24,,
ESTAT:TAG00039(1.0),07/10/25 23:00:00,Annual,Products obtained (1 000 t),Powder products,Lithuania,2024,35.29,,
ESTAT:TAG00039(1.0),07/10/25 23:00:00,Annual,Products obtained (1 000 t),Powder products,Luxembourg,2013,0.00,,
ESTAT:TAG00039(1.0),07/10/25 23:00:00,Annual,Products obtained (1 000 t),Powder products,Luxembourg,2014,0.00,,
ESTAT:TAG00039(1.0),07/10/25 23:00:00,Annual,Products obtained (1 000 t),Powder products,Luxembourg,2015,0.00,,
ESTAT:TAG00039(1.0),07/10/25 23:00:00,Annual,Products obtained (1 000 t),Powder products,Luxembourg,2016,0.00,,
ESTAT:TAG00039(1.0),07/10/25 23:00:00,Annual,Products obtained (1 000 t),Powder products,Luxembourg,2017,0.00,,
ESTAT:TAG00039(1.0),07/10/25 23:00:00,Annual,Products obtained (1 000 t),Powder products,Luxembourg,2018,0.00,,
ESTAT:TAG00039(1.0),07/10/25 23:00:00,Annual,Products obtained (1 000 t),Powder products,Luxembourg,2019,0.00,,
ESTAT:TAG00039(1.0),07/10/25 23:00:00,Annual,Products obtained (1 000 t),Powder products,Luxembourg,2020,0.00,,
ESTAT:TAG00039(1.0),07/10/25 23:00:00,Annual,Products obtained (1 000 t),Powder products,Luxembourg,2021,0.00,,
ESTAT:TAG00039(1.0),07/10/25 23:00:00,Annual,Products obtained (1 000 t),Powder products,Luxembourg,2022,0.00,,
ESTAT:TAG00039(1.0),07/10/25 23:00:00,Annual,Products obtained (1 000 t),Powder products,Luxembourg,2023,0.00,,
ESTAT:TAG00039(1.0),07/10/25 23:00:00,Annual,Products obtained (1 000 t),Powder products,Luxembourg,2024,0.00,,
ESTAT:TAG00039(1.0),07/10/25 23:00:00,Annual,Products obtained (1 000 t),Powder products,Latvia,2013,,,C
ESTAT:TAG00039(1.0),07/10/25 23:00:00,Annual,Products obtained (1 000 t),Powder products,Latvia,2014,,,C
ESTAT:TAG00039(1.0),07/10/25 23:00:00,Annual,Products obtained (1 000 t),Powder products,Latvia,2015,,,C
ESTAT:TAG00039(1.0),07/10/25 23:00:00,Annual,Products obtained (1 000 t),Powder products,Latvia,2016,,,C
ESTAT:TAG00039(1.0),07/10/25 23:00:00,Annual,Products obtained (1 000 t),Powder products,Latvia,2017,,,C
ESTAT:TAG00039(1.0),07/10/25 23:00:00,Annual,Products obtained (1 000 t),Powder products,Latvia,2018,,,C
ESTAT:TAG00039(1.0),07/10/25 23:00:00,Annual,Products obtained (1 000 t),Powder products,Latvia,2019,,,C
ESTAT:TAG00039(1.0),07/10/25 23:00:00,Annual,Products obtained (1 000 t),Powder products,Latvia,2020,,,C
ESTAT:TAG00039(1.0),07/10/25 23:00:00,Annual,Products obtained (1 000 t),Powder products,Latvia,2021,,,C
ESTAT:TAG00039(1.0),07/10/25 23:00:00,Annual,Products obtained (1 000 t),Powder products,Latvia,2022,,,C
ESTAT:TAG00039(1.0),07/10/25 23:00:00,Annual,Products obtained (1 000 t),Powder products,Latvia,2023,,,C
ESTAT:TAG00039(1.0),07/10/25 23:00:00,Annual,Products obtained (1 000 t),Powder products,Latvia,2024,,,C
ESTAT:TAG00039(1.0),07/10/25 23:00:00,Annual,Products obtained (1 000 t),Powder products,Montenegro,2013,0.00,,
ESTAT:TAG00039(1.0),07/10/25 23:00:00,Annual,Products obtained (1 000 t),Powder products,Montenegro,2014,0.00,n,
ESTAT:TAG00039(1.0),07/10/25 23:00:00,Annual,Products obtained (1 000 t),Powder products,Montenegro,2015,0.00,,
ESTAT:TAG00039(1.0),07/10/25 23:00:00,Annual,Products obtained (1 000 t),Powder products,Montenegro,2016,0.00,,
ESTAT:TAG00039(1.0),07/10/25 23:00:00,Annual,Products obtained (1 000 t),Powder products,Montenegro,2017,0.00,,
ESTAT:TAG00039(1.0),07/10/25 23:00:00,Annual,Products obtained (1 000 t),Powder products,Montenegro,2018,0.00,,
ESTAT:TAG00039(1.0),07/10/25 23:00:00,Annual,Products obtained (1 000 t),Powder products,Montenegro,2019,0.00,,
ESTAT:TAG00039(1.0),07/10/25 23:00:00,Annual,Products obtained (1 000 t),Powder products,North Macedonia,2019,0.00,,
ESTAT:TAG00039(1.0),07/10/25 23:00:00,Annual,Products obtained (1 000 t),Powder products,Malta,2013,,,C
ESTAT:TAG00039(1.0),07/10/25 23:00:00,Annual,Products obtained (1 000 t),Powder products,Malta,2014,,,C
ESTAT:TAG00039(1.0),07/10/25 23:00:00,Annual,Products obtained (1 000 t),Powder products,Malta,2015,0.00,,
ESTAT:TAG00039(1.0),07/10/25 23:00:00,Annual,Products obtained (1 000 t),Powder products,Malta,2016,0.00,,
ESTAT:TAG00039(1.0),07/10/25 23:00:00,Annual,Products obtained (1 000 t),Powder products,Malta,2017,0.00,,
ESTAT:TAG00039(1.0),07/10/25 23:00:00,Annual,Products obtained (1 000 t),Powder products,Malta,2018,0.00,,
ESTAT:TAG00039(1.0),07/10/25 23:00:00,Annual,Products obtained (1 000 t),Powder products,Malta,2019,0.00,,
ESTAT:TAG00039(1.0),07/10/25 23:00:00,Annual,Products obtained (1 000 t),Powder products,Malta,2020,0.00,,
ESTAT:TAG00039(1.0),07/10/25 23:00:00,Annual,Products obtained (1 000 t),Powder products,Malta,2021,0.00,,
ESTAT:TAG00039(1.0),07/10/25 23:00:00,Annual,Products obtained (1 000 t),Powder products,Malta,2022,0.00,,
ESTAT:TAG00039(1.0),07/10/25 23:00:00,Annual,Products obtained (1 000 t),Powder products,Malta,2023,0.00,,
ESTAT:TAG00039(1.0),07/10/25 23:00:00,Annual,Products obtained (1 000 t),Powder products,Malta,2024,0.00,,
ESTAT:TAG00039(1.0),07/10/25 23:00:00,Annual,Products obtained (1 000 t),Powder products,Netherlands,2013,297.47,,
ESTAT:TAG00039(1.0),07/10/25 23:00:00,Annual,Products obtained (1 000 t),Powder products,Netherlands,2014,289.35,,
ESTAT:TAG00039(1.0),07/10/25 23:00:00,Annual,Products obtained (1 000 t),Powder products,Netherlands,2015,337.00,,
ESTAT:TAG00039(1.0),07/10/25 23:00:00,Annual,Products obtained (1 000 t),Powder products,Netherlands,2016,355.00,,
ESTAT:TAG00039(1.0),07/10/25 23:00:00,Annual,Products obtained (1 000 t),Powder products,Netherlands,2017,420.00,,
ESTAT:TAG00039(1.0),07/10/25 23:00:00,Annual,Products obtained (1 000 t),Powder products,Netherlands,2018,351.00,,
ESTAT:TAG00039(1.0),07/10/25 23:00:00,Annual,Products obtained (1 000 t),Powder products,Netherlands,2019,357.92,,
ESTAT:TAG00039(1.0),07/10/25 23:00:00,Annual,Products obtained (1 000 t),Powder products,Netherlands,2020,389.82,,
ESTAT:TAG00039(1.0),07/10/25 23:00:00,Annual,Products obtained (1 000 t),Powder products,Netherlands,2021,360.22,,
ESTAT:TAG00039(1.0),07/10/25 23:00:00,Annual,Products obtained (1 000 t),Powder products,Netherlands,2022,360.45,,
ESTAT:TAG00039(1.0),07/10/25 23:00:00,Annual,Products obtained (1 000 t),Powder products,Netherlands,2023,344.69,,
ESTAT:TAG00039(1.0),07/10/25 23:00:00,Annual,Products obtained (1 000 t),Powder products,Netherlands,2024,345.33,,
ESTAT:TAG00039(1.0),07/10/25 23:00:00,Annual,Products obtained (1 000 t),Powder products,Norway,2014,9.80,,
ESTAT:TAG00039(1.0),07/10/25 23:00:00,Annual,Products obtained (1 000 t),Powder products,Norway,2015,11.70,,
ESTAT:TAG00039(1.0),07/10/25 23:00:00,Annual,Products obtained (1 000 t),Powder products,Norway,2016,11.00,,
ESTAT:TAG00039(1.0),07/10/25 23:00:00,Annual,Products obtained (1 000 t),Powder products,Norway,2017,11.10,,
ESTAT:TAG00039(1.0),07/10/25 23:00:00,Annual,Products obtained (1 000 t),Powder products,Norway,2018,11.20,,
ESTAT:TAG00039(1.0),07/10/25 23:00:00,Annual,Products obtained (1 000 t),Powder products,Norway,2019,13.50,,
ESTAT:TAG00039(1.0),07/10/25 23:00:00,Annual,Products obtained (1 000 t),Powder products,Norway,2020,11.00,,
ESTAT:TAG00039(1.0),07/10/25 23:00:00,Annual,Products obtained (1 000 t),Powder products,Norway,2021,15.70,,
ESTAT:TAG00039(1.0),07/10/25 23:00:00,Annual,Products obtained (1 000 t),Powder products,Norway,2022,15.90,,
ESTAT:TAG00039(1.0),07/10/25 23:00:00,Annual,Products obtained (1 000 t),Powder products,Norway,2023,10.50,,
ESTAT:TAG00039(1.0),07/10/25 23:00:00,Annual,Products obtained (1 000 t),Powder products,Norway,2024,10.20,,
ESTAT:TAG00039(1.0),07/10/25 23:00:00,Annual,Products obtained (1 000 t),Powder products,Poland,2013,136.68,,
ESTAT:TAG00039(1.0),07/10/25 23:00:00,Annual,Products obtained (1 000 t),Powder products,Poland,2014,188.31,,
ESTAT:TAG00039(1.0),07/10/25 23:00:00,Annual,Products obtained (1 000 t),Powder products,Poland,2015,177.69,,
ESTAT:TAG00039(1.0),07/10/25 23:00:00,Annual,Products obtained (1 000 t),Powder products,Poland,2016,180.28,,
ESTAT:TAG00039(1.0),07/10/25 23:00:00,Annual,Products obtained (1 000 t),Powder products,Poland,2017,178.10,,
ESTAT:TAG00039(1.0),07/10/25 23:00:00,Annual,Products obtained (1 000 t),Powder products,Poland,2018,196.00,,
ESTAT:TAG00039(1.0),07/10/25 23:00:00,Annual,Products obtained (1 000 t),Powder products,Poland,2019,194.15,,
ESTAT:TAG00039(1.0),07/10/25 23:00:00,Annual,Products obtained (1 000 t),Powder products,Poland,2020,201.35,,
ESTAT:TAG00039(1.0),07/10/25 23:00:00,Annual,Products obtained (1 000 t),Powder products,Poland,2021,190.60,,
ESTAT:TAG00039(1.0),07/10/25 23:00:00,Annual,Products obtained (1 000 t),Powder products,Poland,2022,188.83,,
ESTAT:TAG00039(1.0),07/10/25 23:00:00,Annual,Products obtained (1 000 t),Powder products,Poland,2023,193.49,,
ESTAT:TAG00039(1.0),07/10/25 23:00:00,Annual,Products obtained (1 000 t),Powder products,Poland,2024,194.70,,
ESTAT:TAG00039(1.0),07/10/25 23:00:00,Annual,Products obtained (1 000 t),Powder products,Portugal,2013,14.64,,
ESTAT:TAG00039(1.0),07/10/25 23:00:00,Annual,Products obtained (1 000 t),Powder products,Portugal,2014,19.83,,
ESTAT:TAG00039(1.0),07/10/25 23:00:00,Annual,Products obtained (1 000 t),Powder products,Portugal,2015,27.50,,
ESTAT:TAG00039(1.0),07/10/25 23:00:00,Annual,Products obtained (1 000 t),Powder products,Portugal,2016,27.49,,
ESTAT:TAG00039(1.0),07/10/25 23:00:00,Annual,Products obtained (1 000 t),Powder products,Portugal,2017,,,C
ESTAT:TAG00039(1.0),07/10/25 23:00:00,Annual,Products obtained (1 000 t),Powder products,Portugal,2018,,,C
ESTAT:TAG00039(1.0),07/10/25 23:00:00,Annual,Products obtained (1 000 t),Powder products,Portugal,2019,32.22,,
ESTAT:TAG00039(1.0),07/10/25 23:00:00,Annual,Products obtained (1 000 t),Powder products,Portugal,2020,34.05,,
ESTAT:TAG00039(1.0),07/10/25 23:00:00,Annual,Products obtained (1 000 t),Powder products,Portugal,2021,,,C
ESTAT:TAG00039(1.0),07/10/25 23:00:00,Annual,Products obtained (1 000 t),Powder products,Portugal,2022,,,C
ESTAT:TAG00039(1.0),07/10/25 23:00:00,Annual,Products obtained (1 000 t),Powder products,Portugal,2023,,,C
ESTAT:TAG00039(1.0),07/10/25 23:00:00,Annual,Products obtained (1 000 t),Powder products,Portugal,2024,37.95,,
ESTAT:TAG00039(1.0),07/10/25 23:00:00,Annual,Products obtained (1 000 t),Powder products,Romania,2013,2.20,,
ESTAT:TAG00039(1.0),07/10/25 23:00:00,Annual,Products obtained (1 000 t),Powder products,Romania,2014,3.97,,
ESTAT:TAG00039(1.0),07/10/25 23:00:00,Annual,Products obtained (1 000 t),Powder products,Romania,2015,2.51,,
ESTAT:TAG00039(1.0),07/10/25 23:00:00,Annual,Products obtained (1 000 t),Powder products,Romania,2016,2.11,,
ESTAT:TAG00039(1.0),07/10/25 23:00:00,Annual,Products obtained (1 000 t),Powder products,Romania,2017,2.45,,
ESTAT:TAG00039(1.0),07/10/25 23:00:00,Annual,Products obtained (1 000 t),Powder products,Romania,2018,2.32,,
ESTAT:TAG00039(1.0),07/10/25 23:00:00,Annual,Products obtained (1 000 t),Powder products,Romania,2019,1.55,,
ESTAT:TAG00039(1.0),07/10/25 23:00:00,Annual,Products obtained (1 000 t),Powder products,Romania,2020,1.38,,
ESTAT:TAG00039(1.0),07/10/25 23:00:00,Annual,Products obtained (1 000 t),Powder products,Romania,2021,2.24,,
ESTAT:TAG00039(1.0),07/10/25 23:00:00,Annual,Products obtained (1 000 t),Powder products,Romania,2022,2.46,,
ESTAT:TAG00039(1.0),07/10/25 23:00:00,Annual,Products obtained (1 000 t),Powder products,Romania,2023,2.15,,
ESTAT:TAG00039(1.0),07/10/25 23:00:00,Annual,Products obtained (1 000 t),Powder products,Romania,2024,,,C
ESTAT:TAG00039(1.0),07/10/25 23:00:00,Annual,Products obtained (1 000 t),Powder products,Serbia,2014,4.38,,
ESTAT:TAG00039(1.0),07/10/25 23:00:00,Annual,Products obtained (1 000 t),Powder products,Serbia,2015,3.67,,
ESTAT:TAG00039(1.0),07/10/25 23:00:00,Annual,Products obtained (1 000 t),Powder products,Serbia,2016,2.98,,
ESTAT:TAG00039(1.0),07/10/25 23:00:00,Annual,Products obtained (1 000 t),Powder products,Serbia,2017,1.90,,
ESTAT:TAG00039(1.0),07/10/25 23:00:00,Annual,Products obtained (1 000 t),Powder products,Serbia,2018,2.64,,
ESTAT:TAG00039(1.0),07/10/25 23:00:00,Annual,Products obtained (1 000 t),Powder products,Serbia,2020,2.38,,
ESTAT:TAG00039(1.0),07/10/25 23:00:00,Annual,Products obtained (1 000 t),Powder products,Serbia,2021,2.24,,
ESTAT:TAG00039(1.0),07/10/25 23:00:00,Annual,Products obtained (1 000 t),Powder products,Serbia,2022,1.04,,
ESTAT:TAG00039(1.0),07/10/25 23:00:00,Annual,Products obtained (1 000 t),Powder products,Serbia,2023,1.78,,
ESTAT:TAG00039(1.0),07/10/25 23:00:00,Annual,Products obtained (1 000 t),Powder products,Serbia,2024,2.46,,
ESTAT:TAG00039(1.0),07/10/25 23:00:00,Annual,Products obtained (1 000 t),Powder products,Sweden,2013,80.04,,
ESTAT:TAG00039(1.0),07/10/25 23:00:00,Annual,Products obtained (1 000 t),Powder products,Sweden,2014,94.03,,
ESTAT:TAG00039(1.0),07/10/25 23:00:00,Annual,Products obtained (1 000 t),Powder products,Sweden,2015,88.55,,
ESTAT:TAG00039(1.0),07/10/25 23:00:00,Annual,Products obtained (1 000 t),Powder products,Sweden,2016,82.39,,
ESTAT:TAG00039(1.0),07/10/25 23:00:00,Annual,Products obtained (1 000 t),Powder products,Sweden,2017,86.63,,
ESTAT:TAG00039(1.0),07/10/25 23:00:00,Annual,Products obtained (1 000 t),Powder products,Sweden,2018,86.36,,
ESTAT:TAG00039(1.0),07/10/25 23:00:00,Annual,Products obtained (1 000 t),Powder products,Sweden,2019,79.57,,
ESTAT:TAG00039(1.0),07/10/25 23:00:00,Annual,Products obtained (1 000 t),Powder products,Sweden,2020,67.98,,
ESTAT:TAG00039(1.0),07/10/25 23:00:00,Annual,Products obtained (1 000 t),Powder products,Sweden,2021,68.21,,
ESTAT:TAG00039(1.0),07/10/25 23:00:00,Annual,Products obtained (1 000 t),Powder products,Sweden,2022,68.71,,
ESTAT:TAG00039(1.0),07/10/25 23:00:00,Annual,Products obtained (1 000 t),Powder products,Sweden,2023,67.86,,
ESTAT:TAG00039(1.0),07/10/25 23:00:00,Annual,Products obtained (1 000 t),Powder products,Sweden,2024,67.04,,
ESTAT:TAG00039(1.0),07/10/25 23:00:00,Annual,Products obtained (1 000 t),Powder products,Slovenia,2013,,,C
ESTAT:TAG00039(1.0),07/10/25 23:00:00,Annual,Products obtained (1 000 t),Powder products,Slovenia,2014,,,C
ESTAT:TAG00039(1.0),07/10/25 23:00:00,Annual,Products obtained (1 000 t),Powder products,Slovenia,2015,,,C
ESTAT:TAG00039(1.0),07/10/25 23:00:00,Annual,Products obtained (1 000 t),Powder products,Slovenia,2016,,,C
ESTAT:TAG00039(1.0),07/10/25 23:00:00,Annual,Products obtained (1 000 t),Powder products,Slovenia,2017,,,C
ESTAT:TAG00039(1.0),07/10/25 23:00:00,Annual,Products obtained (1 000 t),Powder products,Slovenia,2018,,,C
ESTAT:TAG00039(1.0),07/10/25 23:00:00,Annual,Products obtained (1 000 t),Powder products,Slovenia,2019,,,C
ESTAT:TAG00039(1.0),07/10/25 23:00:00,Annual,Products obtained (1 000 t),Powder products,Slovenia,2020,,,C
ESTAT:TAG00039(1.0),07/10/25 23:00:00,Annual,Products obtained (1 000 t),Powder products,Slovenia,2021,,,C
ESTAT:TAG00039(1.0),07/10/25 23:00:00,Annual,Products obtained (1 000 t),Powder products,Slovenia,2022,,,C
ESTAT:TAG00039(1.0),07/10/25 23:00:00,Annual,Products obtained (1 000 t),Powder products,Slovenia,2023,,,C
ESTAT:TAG00039(1.0),07/10/25 23:00:00,Annual,Products obtained (1 000 t),Powder products,Slovenia,2024,,,C
ESTAT:TAG00039(1.0),07/10/25 23:00:00,Annual,Products obtained (1 000 t),Powder products,Slovakia,2013,5.12,,
ESTAT:TAG00039(1.0),07/10/25 23:00:00,Annual,Products obtained (1 000 t),Powder products,Slovakia,2014,6.00,,
ESTAT:TAG00039(1.0),07/10/25 23:00:00,Annual,Products obtained (1 000 t),Powder products,Slovakia,2015,4.93,,
ESTAT:TAG00039(1.0),07/10/25 23:00:00,Annual,Products obtained (1 000 t),Powder products,Slovakia,2016,3.63,,
ESTAT:TAG00039(1.0),07/10/25 23:00:00,Annual,Products obtained (1 000 t),Powder products,Slovakia,2017,3.24,,
ESTAT:TAG00039(1.0),07/10/25 23:00:00,Annual,Products obtained (1 000 t),Powder products,Slovakia,2018,,,C
ESTAT:TAG00039(1.0),07/10/25 23:00:00,Annual,Products obtained (1 000 t),Powder products,Slovakia,2019,,,C
ESTAT:TAG00039(1.0),07/10/25 23:00:00,Annual,Products obtained (1 000 t),Powder products,Slovakia,2020,,,C
ESTAT:TAG00039(1.0),07/10/25 23:00:00,Annual,Products obtained (1 000 t),Powder products,Slovakia,2021,,,C
ESTAT:TAG00039(1.0),07/10/25 23:00:00,Annual,Products obtained (1 000 t),Powder products,Slovakia,2022,,,C
ESTAT:TAG00039(1.0),07/10/25 23:00:00,Annual,Products obtained (1 000 t),Powder products,Slovakia,2023,,,C
ESTAT:TAG00039(1.0),07/10/25 23:00:00,Annual,Products obtained (1 000 t),Powder products,Slovakia,2024,,,C
ESTAT:TAG00039(1.0),07/10/25 23:00:00,Annual,Products obtained (1 000 t),Powder products,Türkiye,2013,0.00,n,
ESTAT:TAG00039(1.0),07/10/25 23:00:00,Annual,Products obtained (1 000 t),Powder products,Türkiye,2014,128.90,,
ESTAT:TAG00039(1.0),07/10/25 23:00:00,Annual,Products obtained (1 000 t),Powder products,Türkiye,2015,112.10,,
ESTAT:TAG00039(1.0),07/10/25 23:00:00,Annual,Products obtained (1 000 t),Powder products,Türkiye,2016,124.20,,
ESTAT:TAG00039(1.0),07/10/25 23:00:00,Annual,Products obtained (1 000 t),Powder products,Türkiye,2017,131.72,,
ESTAT:TAG00039(1.0),07/10/25 23:00:00,Annual,Products obtained (1 000 t),Powder products,Türkiye,2018,109.40,,
ESTAT:TAG00039(1.0),07/10/25 23:00:00,Annual,Products obtained (1 000 t),Powder products,Türkiye,2019,98.90,,
ESTAT:TAG00039(1.0),07/10/25 23:00:00,Annual,Products obtained (1 000 t),Powder products,Türkiye,2020,105.00,,
ESTAT:TAG00039(1.0),07/10/25 23:00:00,Annual,Products obtained (1 000 t),Powder products,Türkiye,2021,126.50,,
ESTAT:TAG00039(1.0),07/10/25 23:00:00,Annual,Products obtained (1 000 t),Powder products,Türkiye,2022,127.16,,
ESTAT:TAG00039(1.0),07/10/25 23:00:00,Annual,Products obtained (1 000 t),Powder products,Türkiye,2023,112.92,,
ESTAT:TAG00039(1.0),07/10/25 23:00:00,Annual,Products obtained (1 000 t),Powder products,Türkiye,2024,120.22,,
ESTAT:TAG00039(1.0),07/10/25 23:00:00,Annual,Products obtained (1 000 t),Powder products,United Kingdom,2013,117.77,,
ESTAT:TAG00039(1.0),07/10/25 23:00:00,Annual,Products obtained (1 000 t),Powder products,United Kingdom,2014,174.32,,
ESTAT:TAG00039(1.0),07/10/25 23:00:00,Annual,Products obtained (1 000 t),Powder products,United Kingdom,2015,174.37,,
ESTAT:TAG00039(1.0),07/10/25 23:00:00,Annual,Products obtained (1 000 t),Powder products,United Kingdom,2016,,,C
ESTAT:TAG00039(1.0),07/10/25 23:00:00,Annual,Products obtained (1 000 t),Powder products,United Kingdom,2017,,,C
ESTAT:TAG00039(1.0),07/10/25 23:00:00,Annual,Products obtained (1 000 t),Powder products,United Kingdom,2018,96.49,,
ESTAT:TAG00039(1.0),07/10/25 23:00:00,Annual,Products obtained (1 000 t),Powder products,United Kingdom,2019,112.99,,
